date,product_id,product_name,category,units_sold,price,revenue,cost,profit,returns,avg_rating
2024-01-01,SKU001,Widget A,Widgets,5,18.18,90.91,50,40.91,0,3.68
2024-01-01,SKU002,Widget B,Widgets,3,24.89,74.67,36,38.67,0,4.36
2024-01-01,SKU003,Gadget A,Gadgets,1,47.1,47.1,30,17.1,0,
2024-01-01,SKU004,Gadget B,Gadgets,2,52.7,105.39,70,35.39,0,
2024-01-01,SKU005,Accessory A,Accessories,8,14.32,114.54,56,58.54,0,3.19
2024-01-01,SKU006,Accessory B,Accessories,4,16.54,66.14,36,30.14,0,3.5
2024-01-01,SKU007,Device A,Devices,2,98.25,196.5,120,76.5,0,3.91
2024-01-01,SKU008,Device B,Devices,4,115.29,461.18,280,181.18,0,4.35
2024-01-02,SKU001,Widget A,Widgets,2,18.55,37.11,20,17.11,0,4.32
2024-01-02,SKU002,Widget B,Widgets,4,23.31,93.25,48,45.25,0,
2024-01-02,SKU003,Gadget A,Gadgets,2,51.02,102.03,60,42.03,0,3.42
2024-01-02,SKU004,Gadget B,Gadgets,0,60.02,0.0,0,0.0,0,
2024-01-02,SKU005,Accessory A,Accessories,3,15.73,47.19,21,26.19,0,
2024-01-02,SKU006,Accessory B,Accessories,4,15.91,63.64,36,27.64,0,
2024-01-02,SKU007,Device A,Devices,1,97.26,97.26,60,37.26,0,
2024-01-02,SKU008,Device B,Devices,1,125.1,125.1,70,55.1,0,
2024-01-03,SKU001,Widget A,Widgets,5,18.24,91.2,50,41.2,0,3.99
2024-01-03,SKU002,Widget B,Widgets,7,23.98,167.89,84,83.89,0,3.95
2024-01-03,SKU003,Gadget A,Gadgets,5,48.9,244.52,150,94.52,0,3.87
2024-01-03,SKU004,Gadget B,Gadgets,5,62.11,310.53,175,135.53,0,
2024-01-03,SKU005,Accessory A,Accessories,6,15.57,93.4,42,51.4,1,4.64
2024-01-03,SKU006,Accessory B,Accessories,11,18.14,199.55,99,100.55,0,3.57
2024-01-03,SKU007,Device A,Devices,2,95.52,191.03,120,71.03,0,
2024-01-03,SKU008,Device B,Devices,4,119.27,477.07,280,197.07,0,
2024-01-04,SKU001,Widget A,Widgets,8,19.71,157.7,80,77.7,1,
2024-01-04,SKU002,Widget B,Widgets,1,22.96,22.96,12,10.96,0,
2024-01-04,SKU003,Gadget A,Gadgets,3,49.37,148.12,90,58.12,0,3.96
2024-01-04,SKU004,Gadget B,Gadgets,5,53.38,266.92,175,91.92,0,3.64
2024-01-04,SKU005,Accessory A,Accessories,6,15.46,92.76,42,50.76,2,3.6
2024-01-04,SKU006,Accessory B,Accessories,8,16.02,128.16,72,56.16,0,4.19
2024-01-04,SKU007,Device A,Devices,3,101.73,305.18,180,125.18,0,3.79
2024-01-04,SKU008,Device B,Devices,3,123.14,369.41,210,159.41,0,4.15
2024-01-05,SKU001,Widget A,Widgets,4,20.63,82.5,40,42.5,0,4.32
2024-01-05,SKU002,Widget B,Widgets,1,25.37,25.37,12,13.37,0,
2024-01-05,SKU003,Gadget A,Gadgets,5,38.17,190.86,150,40.86,2,
2024-01-05,SKU004,Gadget B,Gadgets,6,51.55,309.27,210,99.27,0,3.66
2024-01-05,SKU005,Accessory A,Accessories,7,13.94,97.55,49,48.55,1,5.0
2024-01-05,SKU006,Accessory B,Accessories,3,17.79,53.36,27,26.36,0,
2024-01-05,SKU007,Device A,Devices,5,93.15,465.73,300,165.73,0,4.07
2024-01-05,SKU008,Device B,Devices,2,122.06,244.12,140,104.12,0,4.1
2024-01-06,SKU001,Widget A,Widgets,3,20.24,60.72,30,30.72,0,
2024-01-06,SKU002,Widget B,Widgets,1,24.73,24.73,12,12.73,0,
2024-01-06,SKU003,Gadget A,Gadgets,5,48.79,243.96,150,93.96,0,3.81
2024-01-06,SKU004,Gadget B,Gadgets,1,57.83,57.83,35,22.83,0,4.29
2024-01-06,SKU005,Accessory A,Accessories,2,14.67,29.34,14,15.34,0,
2024-01-06,SKU006,Accessory B,Accessories,3,18.67,56.02,27,29.02,1,
2024-01-06,SKU007,Device A,Devices,2,98.7,197.41,120,77.41,0,
2024-01-06,SKU008,Device B,Devices,0,122.56,0.0,0,0.0,0,
2024-01-07,SKU001,Widget A,Widgets,5,19.75,98.77,50,48.77,0,3.54
2024-01-07,SKU002,Widget B,Widgets,8,24.46,195.68,96,99.68,0,3.75
2024-01-07,SKU003,Gadget A,Gadgets,1,51.98,51.98,30,21.98,0,3.5
2024-01-07,SKU004,Gadget B,Gadgets,4,62.58,250.31,140,110.31,0,4.97
2024-01-07,SKU005,Accessory A,Accessories,3,14.68,44.05,21,23.05,0,4.16
2024-01-07,SKU006,Accessory B,Accessories,1,14.14,14.14,9,5.14,0,4.46
2024-01-07,SKU007,Device A,Devices,2,94.19,188.37,120,68.37,1,
2024-01-07,SKU008,Device B,Devices,3,116.42,349.26,210,139.26,0,
2024-01-08,SKU001,Widget A,Widgets,8,20.5,163.96,80,83.96,1,3.98
2024-01-08,SKU002,Widget B,Widgets,6,23.83,143.0,72,71.0,0,3.98
2024-01-08,SKU003,Gadget A,Gadgets,5,52.04,260.21,150,110.21,0,4.9
2024-01-08,SKU004,Gadget B,Gadgets,2,56.33,112.67,70,42.67,1,4.35
2024-01-08,SKU005,Accessory A,Accessories,6,12.41,74.44,42,32.44,0,4.66
2024-01-08,SKU006,Accessory B,Accessories,1,17.82,17.82,9,8.82,0,
2024-01-08,SKU007,Device A,Devices,2,96.76,193.53,120,73.53,0,
2024-01-08,SKU008,Device B,Devices,3,116.14,348.41,210,138.41,2,3.9
2024-01-09,SKU001,Widget A,Widgets,4,19.94,79.78,40,39.78,0,4.06
2024-01-09,SKU002,Widget B,Widgets,3,23.5,70.51,36,34.51,0,3.53
2024-01-09,SKU003,Gadget A,Gadgets,2,48.66,97.31,60,37.31,0,3.92
2024-01-09,SKU004,Gadget B,Gadgets,4,58.23,232.92,140,92.92,0,
2024-01-09,SKU005,Accessory A,Accessories,0,15.12,0.0,0,0.0,0,
2024-01-09,SKU006,Accessory B,Accessories,5,18.22,91.12,45,46.12,0,4.28
2024-01-09,SKU007,Device A,Devices,1,100.42,100.42,60,40.42,0,4.06
2024-01-09,SKU008,Device B,Devices,1,117.29,117.29,70,47.29,0,
2024-01-10,SKU001,Widget A,Widgets,1,20.8,20.8,10,10.8,0,
2024-01-10,SKU002,Widget B,Widgets,4,25.6,102.38,48,54.38,0,3.09
2024-01-10,SKU003,Gadget A,Gadgets,3,52.18,156.55,90,66.55,0,
2024-01-10,SKU004,Gadget B,Gadgets,2,60.58,121.16,70,51.16,0,
2024-01-10,SKU005,Accessory A,Accessories,7,14.79,103.54,49,54.54,0,3.54
2024-01-10,SKU006,Accessory B,Accessories,8,15.04,120.32,72,48.32,0,4.07
2024-01-10,SKU007,Device A,Devices,1,95.77,95.77,60,35.77,0,
2024-01-10,SKU008,Device B,Devices,2,124.63,249.26,140,109.26,0,
2024-01-11,SKU001,Widget A,Widgets,2,20.88,41.76,20,21.76,0,
2024-01-11,SKU002,Widget B,Widgets,7,24.47,171.28,84,87.28,0,2.84
2024-01-11,SKU003,Gadget A,Gadgets,3,51.9,155.69,90,65.69,1,4.7
2024-01-11,SKU004,Gadget B,Gadgets,1,58.12,58.12,35,23.12,0,
2024-01-11,SKU005,Accessory A,Accessories,6,14.48,86.89,42,44.89,0,4.17
2024-01-11,SKU006,Accessory B,Accessories,6,17.77,106.63,54,52.63,0,
2024-01-11,SKU007,Device A,Devices,1,89.96,89.96,60,29.96,0,
2024-01-11,SKU008,Device B,Devices,3,111.21,333.64,210,123.64,1,4.49
2024-01-12,SKU001,Widget A,Widgets,4,20.49,81.95,40,41.95,1,3.76
2024-01-12,SKU002,Widget B,Widgets,7,25.1,175.72,84,91.72,0,4.17
2024-01-12,SKU003,Gadget A,Gadgets,2,47.84,95.67,60,35.67,0,
2024-01-12,SKU004,Gadget B,Gadgets,5,58.94,294.71,175,119.71,0,3.85
2024-01-12,SKU005,Accessory A,Accessories,3,11.58,34.74,21,13.74,0,3.26
2024-01-12,SKU006,Accessory B,Accessories,4,18.27,73.09,36,37.09,0,4.27
2024-01-12,SKU007,Device A,Devices,2,91.05,182.1,120,62.1,0,
2024-01-12,SKU008,Device B,Devices,0,119.16,0.0,0,0.0,0,
2024-01-13,SKU001,Widget A,Widgets,3,19.62,58.86,30,28.86,0,
2024-01-13,SKU002,Widget B,Widgets,5,24.01,120.06,60,60.06,0,5.0
2024-01-13,SKU003,Gadget A,Gadgets,1,50.09,50.09,30,20.09,0,
2024-01-13,SKU004,Gadget B,Gadgets,0,57.8,0.0,0,0.0,0,
2024-01-13,SKU005,Accessory A,Accessories,4,15.31,61.24,28,33.24,0,4.08
2024-01-13,SKU006,Accessory B,Accessories,4,17.54,70.18,36,34.18,0,3.56
2024-01-13,SKU007,Device A,Devices,4,97.58,390.31,240,150.31,0,3.51
2024-01-13,SKU008,Device B,Devices,4,121.11,484.43,280,204.43,1,
2024-01-14,SKU001,Widget A,Widgets,6,15.49,92.94,60,32.94,0,4.07
2024-01-14,SKU002,Widget B,Widgets,5,19.91,99.54,60,39.54,0,4.07
2024-01-14,SKU003,Gadget A,Gadgets,1,50.82,50.82,30,20.82,0,4.62
2024-01-14,SKU004,Gadget B,Gadgets,1,60.19,60.19,35,25.19,0,
2024-01-14,SKU005,Accessory A,Accessories,4,15.73,62.92,28,34.92,1,4.27
2024-01-14,SKU006,Accessory B,Accessories,2,18.37,36.74,18,18.74,1,
2024-01-14,SKU007,Device A,Devices,2,103.38,206.76,120,86.76,1,4.58
2024-01-14,SKU008,Device B,Devices,0,110.05,0.0,0,0.0,0,
2024-01-15,SKU001,Widget A,Widgets,4,21.0,84.0,40,44.0,0,4.36
2024-01-15,SKU002,Widget B,Widgets,7,24.56,171.93,84,87.93,0,3.44
2024-01-15,SKU003,Gadget A,Gadgets,1,50.84,50.84,30,20.84,0,5.0
2024-01-15,SKU004,Gadget B,Gadgets,0,59.28,0.0,0,0.0,0,
2024-01-15,SKU005,Accessory A,Accessories,7,14.26,99.83,49,50.83,0,4.17
2024-01-15,SKU006,Accessory B,Accessories,3,17.65,52.96,27,25.96,0,4.12
2024-01-15,SKU007,Device A,Devices,1,102.09,102.09,60,42.09,0,
2024-01-15,SKU008,Device B,Devices,3,121.6,364.79,210,154.79,0,4.33
2024-01-16,SKU001,Widget A,Widgets,7,17.86,125.04,70,55.04,0,4.27
2024-01-16,SKU002,Widget B,Widgets,1,25.27,25.27,12,13.27,0,
2024-01-16,SKU003,Gadget A,Gadgets,3,49.52,148.56,90,58.56,0,3.67
2024-01-16,SKU004,Gadget B,Gadgets,3,62.37,187.1,105,82.1,0,
2024-01-16,SKU005,Accessory A,Accessories,1,13.14,13.14,7,6.14,0,2.8
2024-01-16,SKU006,Accessory B,Accessories,6,18.82,112.94,54,58.94,0,3.45
2024-01-16,SKU007,Device A,Devices,3,87.61,262.84,180,82.84,0,
2024-01-16,SKU008,Device B,Devices,5,115.53,577.66,350,227.66,0,
2024-01-17,SKU001,Widget A,Widgets,2,18.1,36.19,20,16.19,0,
2024-01-17,SKU002,Widget B,Widgets,8,22.23,177.85,96,81.85,0,
2024-01-17,SKU003,Gadget A,Gadgets,2,40.56,81.13,60,21.13,0,
2024-01-17,SKU004,Gadget B,Gadgets,5,57.88,289.39,175,114.39,0,
2024-01-17,SKU005,Accessory A,Accessories,6,14.57,87.44,42,45.44,0,3.59
2024-01-17,SKU006,Accessory B,Accessories,4,17.65,70.58,36,34.58,0,4.1
2024-01-17,SKU007,Device A,Devices,3,96.31,288.92,180,108.92,1,3.3
2024-01-17,SKU008,Device B,Devices,2,119.78,239.55,140,99.55,0,
2024-01-18,SKU001,Widget A,Widgets,3,20.95,62.86,30,32.86,0,3.98
2024-01-18,SKU002,Widget B,Widgets,4,24.74,98.94,48,50.94,1,3.76
2024-01-18,SKU003,Gadget A,Gadgets,1,44.83,44.83,30,14.83,0,
2024-01-18,SKU004,Gadget B,Gadgets,3,61.42,184.27,105,79.27,0,
2024-01-18,SKU005,Accessory A,Accessories,1,15.68,15.68,7,8.68,0,
2024-01-18,SKU006,Accessory B,Accessories,4,18.29,73.15,36,37.15,0,
2024-01-18,SKU007,Device A,Devices,4,101.15,404.6,240,164.6,0,4.94
2024-01-18,SKU008,Device B,Devices,2,125.14,250.27,140,110.27,0,
2024-01-19,SKU001,Widget A,Widgets,4,19.57,78.29,40,38.29,0,4.37
2024-01-19,SKU002,Widget B,Widgets,5,24.08,120.4,60,60.4,0,4.74
2024-01-19,SKU003,Gadget A,Gadgets,4,51.87,207.47,120,87.47,0,3.85
2024-01-19,SKU004,Gadget B,Gadgets,2,61.8,123.6,70,53.6,0,3.28
2024-01-19,SKU005,Accessory A,Accessories,2,14.3,28.61,14,14.61,0,
2024-01-19,SKU006,Accessory B,Accessories,3,17.0,51.01,27,24.01,0,3.87
2024-01-19,SKU007,Device A,Devices,1,95.93,95.93,60,35.93,0,
2024-01-19,SKU008,Device B,Devices,0,120.74,0.0,0,0.0,0,
2024-01-20,SKU001,Widget A,Widgets,6,19.67,118.01,60,58.01,1,4.07
2024-01-20,SKU002,Widget B,Widgets,8,24.77,198.2,96,102.2,1,3.38
2024-01-20,SKU003,Gadget A,Gadgets,3,46.54,139.62,90,49.62,0,3.33
2024-01-20,SKU004,Gadget B,Gadgets,3,57.95,173.86,105,68.86,0,
2024-01-20,SKU005,Accessory A,Accessories,3,14.64,43.93,21,22.93,0,
2024-01-20,SKU006,Accessory B,Accessories,4,18.73,74.93,36,38.93,0,4.44
2024-01-20,SKU007,Device A,Devices,3,99.19,297.56,180,117.56,0,3.84
2024-01-20,SKU008,Device B,Devices,3,115.81,347.44,210,137.44,0,3.51
2024-01-21,SKU001,Widget A,Widgets,5,19.97,99.85,50,49.85,0,4.28
2024-01-21,SKU002,Widget B,Widgets,4,24.58,98.3,48,50.3,0,3.78
2024-01-21,SKU003,Gadget A,Gadgets,2,49.82,99.64,60,39.64,1,
2024-01-21,SKU004,Gadget B,Gadgets,3,62.79,188.36,105,83.36,0,3.43
2024-01-21,SKU005,Accessory A,Accessories,7,11.57,80.98,49,31.98,0,3.59
2024-01-21,SKU006,Accessory B,Accessories,5,14.64,73.21,45,28.21,1,4.26
2024-01-21,SKU007,Device A,Devices,1,103.9,103.9,60,43.9,0,3.79
2024-01-21,SKU008,Device B,Devices,2,107.56,215.12,140,75.12,0,
2024-01-22,SKU001,Widget A,Widgets,4,19.9,79.6,40,39.6,0,4.34
2024-01-22,SKU002,Widget B,Widgets,5,25.89,129.45,60,69.45,0,3.85
2024-01-22,SKU003,Gadget A,Gadgets,8,49.8,398.41,240,158.41,0,4.26
2024-01-22,SKU004,Gadget B,Gadgets,4,49.09,196.35,140,56.35,0,4.22
2024-01-22,SKU005,Accessory A,Accessories,1,14.7,14.7,7,7.7,0,
2024-01-22,SKU006,Accessory B,Accessories,4,18.71,74.82,36,38.82,0,3.73
2024-01-22,SKU007,Device A,Devices,4,99.3,397.22,240,157.22,0,3.93
2024-01-22,SKU008,Device B,Devices,2,118.61,237.23,140,97.23,0,4.51
2024-01-23,SKU001,Widget A,Widgets,3,19.28,57.84,30,27.84,0,2.76
2024-01-23,SKU002,Widget B,Widgets,1,24.3,24.3,12,12.3,0,
2024-01-23,SKU003,Gadget A,Gadgets,2,48.07,96.14,60,36.14,0,
2024-01-23,SKU004,Gadget B,Gadgets,4,59.53,238.12,140,98.12,0,3.89
2024-01-23,SKU005,Accessory A,Accessories,2,14.33,28.65,14,14.65,0,
2024-01-23,SKU006,Accessory B,Accessories,2,17.23,34.46,18,16.46,0,
2024-01-23,SKU007,Device A,Devices,4,104.13,416.53,240,176.53,0,
2024-01-23,SKU008,Device B,Devices,1,114.14,114.14,70,44.14,0,
2024-01-24,SKU001,Widget A,Widgets,2,19.69,39.37,20,19.37,0,4.77
2024-01-24,SKU002,Widget B,Widgets,9,24.68,222.1,108,114.1,1,4.47
2024-01-24,SKU003,Gadget A,Gadgets,2,47.63,95.25,60,35.25,0,
2024-01-24,SKU004,Gadget B,Gadgets,3,62.93,188.78,105,83.78,0,3.72
2024-01-24,SKU005,Accessory A,Accessories,2,14.83,29.66,14,15.66,0,
2024-01-24,SKU006,Accessory B,Accessories,5,16.37,81.83,45,36.83,0,3.11
2024-01-24,SKU007,Device A,Devices,4,96.95,387.78,240,147.78,0,3.54
2024-01-24,SKU008,Device B,Devices,2,99.65,199.3,140,59.3,0,3.73
2024-01-25,SKU001,Widget A,Widgets,8,19.25,154.0,80,74.0,1,4.29
2024-01-25,SKU002,Widget B,Widgets,5,25.19,125.97,60,65.97,1,4.27
2024-01-25,SKU003,Gadget A,Gadgets,2,50.94,101.88,60,41.88,0,
2024-01-25,SKU004,Gadget B,Gadgets,2,45.64,91.29,70,21.29,2,4.37
2024-01-25,SKU005,Accessory A,Accessories,6,14.37,86.2,42,44.2,0,3.02
2024-01-25,SKU006,Accessory B,Accessories,5,18.53,92.65,45,47.65,0,4.05
2024-01-25,SKU007,Device A,Devices,1,89.15,89.15,60,29.15,0,
2024-01-25,SKU008,Device B,Devices,4,108.03,432.13,280,152.13,0,3.9
2024-01-26,SKU001,Widget A,Widgets,7,19.27,134.87,70,64.87,1,4.09
2024-01-26,SKU002,Widget B,Widgets,3,21.38,64.15,36,28.15,0,
2024-01-26,SKU003,Gadget A,Gadgets,3,44.7,134.11,90,44.11,1,
2024-01-26,SKU004,Gadget B,Gadgets,3,61.22,183.67,105,78.67,1,4.23
2024-01-26,SKU005,Accessory A,Accessories,3,14.94,44.81,21,23.81,0,
2024-01-26,SKU006,Accessory B,Accessories,7,18.19,127.36,63,64.36,0,3.48
2024-01-26,SKU007,Device A,Devices,2,88.09,176.17,120,56.17,0,
2024-01-26,SKU008,Device B,Devices,1,102.76,102.76,70,32.76,0,
2024-01-27,SKU001,Widget A,Widgets,4,20.93,83.71,40,43.71,0,4.43
2024-01-27,SKU002,Widget B,Widgets,2,25.77,51.54,24,27.54,0,
2024-01-27,SKU003,Gadget A,Gadgets,2,49.36,98.72,60,38.72,0,
2024-01-27,SKU004,Gadget B,Gadgets,5,58.48,292.4,175,117.4,0,4.18
2024-01-27,SKU005,Accessory A,Accessories,2,15.18,30.37,14,16.37,0,4.85
2024-01-27,SKU006,Accessory B,Accessories,4,18.7,74.81,36,38.81,0,
2024-01-27,SKU007,Device A,Devices,1,80.24,80.24,60,20.24,0,
2024-01-27,SKU008,Device B,Devices,0,123.68,0.0,0,0.0,0,
2024-01-28,SKU001,Widget A,Widgets,3,19.42,58.26,30,28.26,1,
2024-01-28,SKU002,Widget B,Widgets,7,26.2,183.42,84,99.42,0,4.16
2024-01-28,SKU003,Gadget A,Gadgets,0,49.29,0.0,0,0.0,0,
2024-01-28,SKU004,Gadget B,Gadgets,3,55.24,165.71,105,60.71,0,5.0
2024-01-28,SKU005,Accessory A,Accessories,4,14.81,59.23,28,31.23,0,3.85
2024-01-28,SKU006,Accessory B,Accessories,3,17.5,52.49,27,25.49,0,4.11
2024-01-28,SKU007,Device A,Devices,4,102.8,411.21,240,171.21,0,3.25
2024-01-28,SKU008,Device B,Devices,1,114.83,114.83,70,44.83,0,
2024-01-29,SKU001,Widget A,Widgets,8,19.85,158.8,80,78.8,0,2.92
2024-01-29,SKU002,Widget B,Widgets,7,25.53,178.72,84,94.72,1,4.88
2024-01-29,SKU003,Gadget A,Gadgets,2,51.4,102.81,60,42.81,0,4.39
2024-01-29,SKU004,Gadget B,Gadgets,2,60.05,120.11,70,50.11,0,4.4
2024-01-29,SKU005,Accessory A,Accessories,6,15.72,94.31,42,52.31,1,4.14
2024-01-29,SKU006,Accessory B,Accessories,1,15.41,15.41,9,6.41,0,3.79
2024-01-29,SKU007,Device A,Devices,0,102.18,0.0,0,0.0,0,
2024-01-29,SKU008,Device B,Devices,3,124.38,373.15,210,163.15,0,4.38
2024-01-30,SKU001,Widget A,Widgets,3,19.58,58.73,30,28.73,0,
2024-01-30,SKU002,Widget B,Widgets,4,24.58,98.32,48,50.32,0,4.77
2024-01-30,SKU003,Gadget A,Gadgets,2,48.88,97.76,60,37.76,0,
2024-01-30,SKU004,Gadget B,Gadgets,2,61.23,122.45,70,52.45,0,
2024-01-30,SKU005,Accessory A,Accessories,3,15.24,45.71,21,24.71,0,
2024-01-30,SKU006,Accessory B,Accessories,4,17.13,68.51,36,32.51,1,
2024-01-30,SKU007,Device A,Devices,3,103.66,310.98,180,130.98,0,4.03
2024-01-30,SKU008,Device B,Devices,1,95.03,95.03,70,25.03,0,
2024-01-31,SKU001,Widget A,Widgets,2,19.19,38.37,20,18.37,0,
2024-01-31,SKU002,Widget B,Widgets,1,25.28,25.28,12,13.28,0,
2024-01-31,SKU003,Gadget A,Gadgets,1,46.07,46.07,30,16.07,0,
2024-01-31,SKU004,Gadget B,Gadgets,3,49.62,148.87,105,43.87,0,4.45
2024-01-31,SKU005,Accessory A,Accessories,4,15.59,62.37,28,34.37,0,3.94
2024-01-31,SKU006,Accessory B,Accessories,3,15.86,47.59,27,20.59,0,3.97
2024-01-31,SKU007,Device A,Devices,1,99.1,99.1,60,39.1,0,
2024-01-31,SKU008,Device B,Devices,0,124.58,0.0,0,0.0,0,
2024-02-01,SKU001,Widget A,Widgets,4,20.07,80.28,40,40.28,0,3.6
2024-02-01,SKU002,Widget B,Widgets,8,24.23,193.88,96,97.88,1,4.1
2024-02-01,SKU003,Gadget A,Gadgets,1,51.95,51.95,30,21.95,0,
2024-02-01,SKU004,Gadget B,Gadgets,2,58.41,116.81,70,46.81,0,2.96
2024-02-01,SKU005,Accessory A,Accessories,6,14.42,86.54,42,44.54,0,
2024-02-01,SKU006,Accessory B,Accessories,4,17.13,68.53,36,32.53,0,
2024-02-01,SKU007,Device A,Devices,3,102.23,306.7,180,126.7,0,3.97
2024-02-01,SKU008,Device B,Devices,3,123.64,370.93,210,160.93,1,
2024-02-02,SKU001,Widget A,Widgets,5,19.75,98.75,50,48.75,2,4.81
2024-02-02,SKU002,Widget B,Widgets,3,25.56,76.67,36,40.67,0,
2024-02-02,SKU003,Gadget A,Gadgets,1,46.23,46.23,30,16.23,0,
2024-02-02,SKU004,Gadget B,Gadgets,5,60.72,303.61,175,128.61,0,4.12
2024-02-02,SKU005,Accessory A,Accessories,3,14.57,43.72,21,22.72,0,
2024-02-02,SKU006,Accessory B,Accessories,6,18.79,112.74,54,58.74,0,4.36
2024-02-02,SKU007,Device A,Devices,1,103.15,103.15,60,43.15,0,4.16
2024-02-02,SKU008,Device B,Devices,1,114.4,114.4,70,44.4,0,
2024-02-03,SKU001,Widget A,Widgets,5,18.89,94.47,50,44.47,0,4.19
2024-02-03,SKU002,Widget B,Widgets,7,24.08,168.53,84,84.53,1,4.15
2024-02-03,SKU003,Gadget A,Gadgets,2,50.62,101.25,60,41.25,0,5.0
2024-02-03,SKU004,Gadget B,Gadgets,4,58.27,233.08,140,93.08,2,4.25
2024-02-03,SKU005,Accessory A,Accessories,6,15.2,91.22,42,49.22,0,4.56
2024-02-03,SKU006,Accessory B,Accessories,7,16.33,114.34,63,51.34,0,
2024-02-03,SKU007,Device A,Devices,0,103.81,0.0,0,0.0,0,
2024-02-03,SKU008,Device B,Devices,4,117.44,469.75,280,189.75,1,4.15
2024-02-04,SKU001,Widget A,Widgets,4,16.51,66.03,40,26.03,1,3.6
2024-02-04,SKU002,Widget B,Widgets,3,24.12,72.35,36,36.35,1,4.07
2024-02-04,SKU003,Gadget A,Gadgets,2,49.28,98.55,60,38.55,0,4.11
2024-02-04,SKU004,Gadget B,Gadgets,2,58.81,117.63,70,47.63,0,4.17
2024-02-04,SKU005,Accessory A,Accessories,3,14.71,44.13,21,23.13,0,2.61
2024-02-04,SKU006,Accessory B,Accessories,8,17.99,143.89,72,71.89,0,3.96
2024-02-04,SKU007,Device A,Devices,1,100.79,100.79,60,40.79,0,
2024-02-04,SKU008,Device B,Devices,1,116.22,116.22,70,46.22,0,
2024-02-05,SKU001,Widget A,Widgets,6,19.73,118.41,60,58.41,1,3.49
2024-02-05,SKU002,Widget B,Widgets,4,25.93,103.71,48,55.71,0,
2024-02-05,SKU003,Gadget A,Gadgets,1,52.1,52.1,30,22.1,0,
2024-02-05,SKU004,Gadget B,Gadgets,3,57.93,173.78,105,68.78,0,3.73
2024-02-05,SKU005,Accessory A,Accessories,3,13.51,40.54,21,19.54,0,
2024-02-05,SKU006,Accessory B,Accessories,3,17.91,53.72,27,26.72,0,
2024-02-05,SKU007,Device A,Devices,2,96.25,192.51,120,72.51,0,
2024-02-05,SKU008,Device B,Devices,3,123.92,371.77,210,161.77,0,
2024-02-06,SKU001,Widget A,Widgets,10,19.56,195.63,100,95.63,2,
2024-02-06,SKU002,Widget B,Widgets,6,24.61,147.65,72,75.65,1,
2024-02-06,SKU003,Gadget A,Gadgets,2,39.79,79.57,60,19.57,0,
2024-02-06,SKU004,Gadget B,Gadgets,7,58.27,407.92,245,162.92,0,3.75
2024-02-06,SKU005,Accessory A,Accessories,5,14.9,74.5,35,39.5,0,3.92
2024-02-06,SKU006,Accessory B,Accessories,4,18.87,75.46,36,39.46,0,
2024-02-06,SKU007,Device A,Devices,1,100.32,100.32,60,40.32,0,4.15
2024-02-06,SKU008,Device B,Devices,0,122.3,0.0,0,0.0,0,
2024-02-07,SKU001,Widget A,Widgets,7,19.73,138.08,70,68.08,1,3.96
2024-02-07,SKU002,Widget B,Widgets,7,21.64,151.49,84,67.49,1,3.06
2024-02-07,SKU003,Gadget A,Gadgets,4,48.08,192.33,120,72.33,0,
2024-02-07,SKU004,Gadget B,Gadgets,5,57.64,288.18,175,113.18,0,3.75
2024-02-07,SKU005,Accessory A,Accessories,2,14.5,29.0,14,15.0,0,
2024-02-07,SKU006,Accessory B,Accessories,10,18.42,184.17,90,94.17,1,4.11
2024-02-07,SKU007,Device A,Devices,2,95.39,190.79,120,70.79,0,3.58
2024-02-07,SKU008,Device B,Devices,4,121.91,487.66,280,207.66,1,
2024-02-08,SKU001,Widget A,Widgets,4,19.84,79.35,40,39.35,0,3.5
2024-02-08,SKU002,Widget B,Widgets,4,23.57,94.27,48,46.27,0,
2024-02-08,SKU003,Gadget A,Gadgets,3,49.46,148.39,90,58.39,0,3.75
2024-02-08,SKU004,Gadget B,Gadgets,4,58.63,234.52,140,94.52,0,
2024-02-08,SKU005,Accessory A,Accessories,6,14.76,88.54,42,46.54,1,
2024-02-08,SKU006,Accessory B,Accessories,2,17.7,35.4,18,17.4,0,2.58
2024-02-08,SKU007,Device A,Devices,1,98.61,98.61,60,38.61,0,
2024-02-08,SKU008,Device B,Devices,1,117.12,117.12,70,47.12,0,3.72
2024-02-09,SKU001,Widget A,Widgets,7,19.54,136.79,70,66.79,0,4.43
2024-02-09,SKU002,Widget B,Widgets,6,22.93,137.55,72,65.55,1,
2024-02-09,SKU003,Gadget A,Gadgets,3,51.33,153.98,90,63.98,0,4.54
2024-02-09,SKU004,Gadget B,Gadgets,5,61.61,308.06,175,133.06,0,4.82
2024-02-09,SKU005,Accessory A,Accessories,1,15.52,15.52,7,8.52,0,
2024-02-09,SKU006,Accessory B,Accessories,4,17.57,70.26,36,34.26,0,3.84
2024-02-09,SKU007,Device A,Devices,2,90.69,181.38,120,61.38,0,
2024-02-09,SKU008,Device B,Devices,3,117.52,352.56,210,142.56,0,3.93
2024-02-10,SKU001,Widget A,Widgets,4,20.11,80.45,40,40.45,0,
2024-02-10,SKU002,Widget B,Widgets,7,25.53,178.71,84,94.71,0,3.75
2024-02-10,SKU003,Gadget A,Gadgets,1,48.38,48.38,30,18.38,0,3.91
2024-02-10,SKU004,Gadget B,Gadgets,4,57.77,231.08,140,91.08,0,4.0
2024-02-10,SKU005,Accessory A,Accessories,4,15.13,60.51,28,32.51,0,
2024-02-10,SKU006,Accessory B,Accessories,4,18.34,73.36,36,37.36,0,4.95
2024-02-10,SKU007,Device A,Devices,2,100.56,201.13,120,81.13,0,3.78
2024-02-10,SKU008,Device B,Devices,4,118.95,475.79,280,195.79,1,
2024-02-11,SKU001,Widget A,Widgets,4,19.32,77.3,40,37.3,0,
2024-02-11,SKU002,Widget B,Widgets,6,22.83,137.01,72,65.01,1,
2024-02-11,SKU003,Gadget A,Gadgets,4,48.31,193.25,120,73.25,0,3.65
2024-02-11,SKU004,Gadget B,Gadgets,4,57.86,231.44,140,91.44,0,4.3
2024-02-11,SKU005,Accessory A,Accessories,5,12.99,64.96,35,29.96,1,4.26
2024-02-11,SKU006,Accessory B,Accessories,5,13.8,69.02,45,24.02,0,5.0
2024-02-11,SKU007,Device A,Devices,0,104.02,0.0,0,0.0,0,
2024-02-11,SKU008,Device B,Devices,1,123.85,123.85,70,53.85,0,
2024-02-12,SKU001,Widget A,Widgets,10,20.14,201.43,100,101.43,1,3.8
2024-02-12,SKU002,Widget B,Widgets,2,25.03,50.06,24,26.06,0,
2024-02-12,SKU003,Gadget A,Gadgets,2,50.37,100.74,60,40.74,0,4.11
2024-02-12,SKU004,Gadget B,Gadgets,0,60.25,0.0,0,0.0,0,
2024-02-12,SKU005,Accessory A,Accessories,4,14.44,57.76,28,29.76,0,3.98
2024-02-12,SKU006,Accessory B,Accessories,0,18.26,0.0,0,0.0,0,
2024-02-12,SKU007,Device A,Devices,2,96.77,193.54,120,73.54,0,3.24
2024-02-12,SKU008,Device B,Devices,0,123.57,0.0,0,0.0,0,
2024-02-13,SKU001,Widget A,Widgets,5,20.99,104.93,50,54.93,1,3.79
2024-02-13,SKU002,Widget B,Widgets,9,25.48,229.32,108,121.32,0,3.92
2024-02-13,SKU003,Gadget A,Gadgets,5,50.85,254.23,150,104.23,0,4.34
2024-02-13,SKU004,Gadget B,Gadgets,2,61.68,123.36,70,53.36,0,
2024-02-13,SKU005,Accessory A,Accessories,6,15.15,90.89,42,48.89,0,4.07
2024-02-13,SKU006,Accessory B,Accessories,3,17.26,51.79,27,24.79,0,4.78
2024-02-13,SKU007,Device A,Devices,5,96.99,484.93,300,184.93,0,3.07
2024-02-13,SKU008,Device B,Devices,0,116.06,0.0,0,0.0,0,
2024-02-14,SKU001,Widget A,Widgets,4,20.34,81.35,40,41.35,1,5.0
2024-02-14,SKU002,Widget B,Widgets,7,21.95,153.66,84,69.66,0,5.0
2024-02-14,SKU003,Gadget A,Gadgets,4,40.58,162.33,120,42.33,1,4.46
2024-02-14,SKU004,Gadget B,Gadgets,5,58.87,294.37,175,119.37,0,3.35
2024-02-14,SKU005,Accessory A,Accessories,8,14.34,114.75,56,58.75,0,3.96
2024-02-14,SKU006,Accessory B,Accessories,6,18.54,111.27,54,57.27,0,4.13
2024-02-14,SKU007,Device A,Devices,1,102.17,102.17,60,42.17,0,4.2
2024-02-14,SKU008,Device B,Devices,2,119.53,239.06,140,99.06,0,4.42
2024-02-15,SKU001,Widget A,Widgets,6,16.29,97.72,60,37.72,0,4.25
2024-02-15,SKU002,Widget B,Widgets,7,19.5,136.5,84,52.5,0,4.2
2024-02-15,SKU003,Gadget A,Gadgets,4,52.48,209.91,120,89.91,0,
2024-02-15,SKU004,Gadget B,Gadgets,2,55.86,111.71,70,41.71,0,
2024-02-15,SKU005,Accessory A,Accessories,3,15.02,45.06,21,24.06,0,3.11
2024-02-15,SKU006,Accessory B,Accessories,2,17.17,34.34,18,16.34,0,
2024-02-15,SKU007,Device A,Devices,3,99.61,298.82,180,118.82,1,3.59
2024-02-15,SKU008,Device B,Devices,3,118.84,356.53,210,146.53,0,3.67
2024-02-16,SKU001,Widget A,Widgets,2,20.11,40.22,20,20.22,0,3.28
2024-02-16,SKU002,Widget B,Widgets,4,24.06,96.22,48,48.22,0,
2024-02-16,SKU003,Gadget A,Gadgets,3,52.28,156.83,90,66.83,0,3.75
2024-02-16,SKU004,Gadget B,Gadgets,6,59.26,355.57,210,145.57,0,2.66
2024-02-16,SKU005,Accessory A,Accessories,5,14.82,74.08,35,39.08,0,3.66
2024-02-16,SKU006,Accessory B,Accessories,4,17.72,70.87,36,34.87,0,3.77
2024-02-16,SKU007,Device A,Devices,2,96.97,193.93,120,73.93,0,3.39
2024-02-16,SKU008,Device B,Devices,2,104.55,209.09,140,69.09,0,3.34
2024-02-17,SKU001,Widget A,Widgets,3,19.6,58.79,30,28.79,0,
2024-02-17,SKU002,Widget B,Widgets,8,26.04,208.33,96,112.33,0,3.92
2024-02-17,SKU003,Gadget A,Gadgets,6,45.31,271.86,180,91.86,0,4.59
2024-02-17,SKU004,Gadget B,Gadgets,2,61.04,122.09,70,52.09,0,3.32
2024-02-17,SKU005,Accessory A,Accessories,5,12.26,61.29,35,26.29,1,4.04
2024-02-17,SKU006,Accessory B,Accessories,3,17.17,51.51,27,24.51,1,
2024-02-17,SKU007,Device A,Devices,2,101.0,202.01,120,82.01,1,4.46
2024-02-17,SKU008,Device B,Devices,0,103.89,0.0,0,0.0,0,
2024-02-18,SKU001,Widget A,Widgets,7,20.7,144.87,70,74.87,0,3.49
2024-02-18,SKU002,Widget B,Widgets,7,24.05,168.37,84,84.37,0,2.87
2024-02-18,SKU003,Gadget A,Gadgets,6,50.62,303.7,180,123.7,0,4.34
2024-02-18,SKU004,Gadget B,Gadgets,3,59.08,177.25,105,72.25,1,3.28
2024-02-18,SKU005,Accessory A,Accessories,3,15.71,47.13,21,26.13,0,4.23
2024-02-18,SKU006,Accessory B,Accessories,2,18.01,36.02,18,18.02,0,
2024-02-18,SKU007,Device A,Devices,1,103.44,103.44,60,43.44,0,
2024-02-18,SKU008,Device B,Devices,1,117.99,117.99,70,47.99,0,
2024-02-19,SKU001,Widget A,Widgets,11,17.2,189.21,110,79.21,0,4.06
2024-02-19,SKU002,Widget B,Widgets,5,24.07,120.33,60,60.33,0,3.85
2024-02-19,SKU003,Gadget A,Gadgets,3,50.58,151.75,90,61.75,0,
2024-02-19,SKU004,Gadget B,Gadgets,2,58.22,116.44,70,46.44,0,
2024-02-19,SKU005,Accessory A,Accessories,3,15.62,46.86,21,25.86,0,4.1
2024-02-19,SKU006,Accessory B,Accessories,6,18.43,110.58,54,56.58,0,4.81
2024-02-19,SKU007,Device A,Devices,4,87.47,349.88,240,109.88,0,3.35
2024-02-19,SKU008,Device B,Devices,1,119.69,119.69,70,49.69,0,
2024-02-20,SKU001,Widget A,Widgets,3,20.33,60.99,30,30.99,0,3.59
2024-02-20,SKU002,Widget B,Widgets,5,22.99,114.94,60,54.94,1,4.22
2024-02-20,SKU003,Gadget A,Gadgets,4,50.25,200.99,120,80.99,0,3.94
2024-02-20,SKU004,Gadget B,Gadgets,3,58.79,176.36,105,71.36,0,3.71
2024-02-20,SKU005,Accessory A,Accessories,8,15.33,122.65,56,66.65,0,3.94
2024-02-20,SKU006,Accessory B,Accessories,2,18.47,36.94,18,18.94,0,
2024-02-20,SKU007,Device A,Devices,4,104.27,417.08,240,177.08,0,
2024-02-20,SKU008,Device B,Devices,2,118.86,237.72,140,97.72,2,
2024-02-21,SKU001,Widget A,Widgets,3,19.63,58.9,30,28.9,1,3.68
2024-02-21,SKU002,Widget B,Widgets,4,26.15,104.61,48,56.61,0,4.51
2024-02-21,SKU003,Gadget A,Gadgets,4,50.22,200.88,120,80.88,0,3.67
2024-02-21,SKU004,Gadget B,Gadgets,6,60.03,360.16,210,150.16,0,
2024-02-21,SKU005,Accessory A,Accessories,6,13.61,81.67,42,39.67,0,4.66
2024-02-21,SKU006,Accessory B,Accessories,6,17.8,106.77,54,52.77,0,3.4
2024-02-21,SKU007,Device A,Devices,3,77.93,233.8,180,53.8,0,3.92
2024-02-21,SKU008,Device B,Devices,3,107.57,322.71,210,112.71,1,
2024-02-22,SKU001,Widget A,Widgets,4,19.43,77.71,40,37.71,0,3.22
2024-02-22,SKU002,Widget B,Widgets,5,25.69,128.47,60,68.47,1,3.83
2024-02-22,SKU003,Gadget A,Gadgets,0,49.15,0.0,0,0.0,0,
2024-02-22,SKU004,Gadget B,Gadgets,5,62.92,314.62,175,139.62,0,3.31
2024-02-22,SKU005,Accessory A,Accessories,7,14.33,100.29,49,51.29,0,3.05
2024-02-22,SKU006,Accessory B,Accessories,2,16.8,33.59,18,15.59,0,4.41
2024-02-22,SKU007,Device A,Devices,3,95.81,287.44,180,107.44,0,
2024-02-22,SKU008,Device B,Devices,1,115.96,115.96,70,45.96,0,
2024-02-23,SKU001,Widget A,Widgets,5,19.27,96.36,50,46.36,0,4.4
2024-02-23,SKU002,Widget B,Widgets,6,21.43,128.58,72,56.58,1,4.43
2024-02-23,SKU003,Gadget A,Gadgets,5,51.63,258.16,150,108.16,0,3.36
2024-02-23,SKU004,Gadget B,Gadgets,3,47.33,141.98,105,36.98,0,
2024-02-23,SKU005,Accessory A,Accessories,4,14.31,57.24,28,29.24,1,4.16
2024-02-23,SKU006,Accessory B,Accessories,6,17.45,104.68,54,50.68,0,3.94
2024-02-23,SKU007,Device A,Devices,2,95.57,191.14,120,71.14,0,4.06
2024-02-23,SKU008,Device B,Devices,3,122.82,368.47,210,158.47,0,3.48
2024-02-24,SKU001,Widget A,Widgets,5,20.63,103.13,50,53.13,1,4.56
2024-02-24,SKU002,Widget B,Widgets,3,24.17,72.5,36,36.5,0,
2024-02-24,SKU003,Gadget A,Gadgets,3,50.0,150.01,90,60.01,0,4.41
2024-02-24,SKU004,Gadget B,Gadgets,4,59.13,236.51,140,96.51,1,
2024-02-24,SKU005,Accessory A,Accessories,5,13.74,68.69,35,33.69,0,
2024-02-24,SKU006,Accessory B,Accessories,1,17.86,17.86,9,8.86,0,
2024-02-24,SKU007,Device A,Devices,0,104.24,0.0,0,0.0,0,
2024-02-24,SKU008,Device B,Devices,5,114.47,572.34,350,222.34,0,4.3
2024-02-25,SKU001,Widget A,Widgets,7,20.87,146.11,70,76.11,0,
2024-02-25,SKU002,Widget B,Widgets,5,25.32,126.58,60,66.58,0,3.36
2024-02-25,SKU003,Gadget A,Gadgets,1,43.96,43.96,30,13.96,0,4.51
2024-02-25,SKU004,Gadget B,Gadgets,6,57.6,345.61,210,135.61,0,4.15
2024-02-25,SKU005,Accessory A,Accessories,3,14.43,43.29,21,22.29,0,4.08
2024-02-25,SKU006,Accessory B,Accessories,4,18.06,72.25,36,36.25,1,3.98
2024-02-25,SKU007,Device A,Devices,2,95.17,190.33,120,70.33,0,
2024-02-25,SKU008,Device B,Devices,2,125.52,251.03,140,111.03,0,
2024-02-26,SKU001,Widget A,Widgets,3,20.44,61.31,30,31.31,0,4.21
2024-02-26,SKU002,Widget B,Widgets,6,24.97,149.82,72,77.82,0,4.55
2024-02-26,SKU003,Gadget A,Gadgets,3,44.26,132.78,90,42.78,1,3.36
2024-02-26,SKU004,Gadget B,Gadgets,2,58.32,116.65,70,46.65,0,
2024-02-26,SKU005,Accessory A,Accessories,6,14.41,86.49,42,44.49,0,3.95
2024-02-26,SKU006,Accessory B,Accessories,3,18.68,56.05,27,29.05,1,
2024-02-26,SKU007,Device A,Devices,0,103.25,0.0,0,0.0,0,
2024-02-26,SKU008,Device B,Devices,0,121.4,0.0,0,0.0,0,
2024-02-27,SKU001,Widget A,Widgets,7,19.97,139.77,70,69.77,0,4.17
2024-02-27,SKU002,Widget B,Widgets,2,25.17,50.33,24,26.33,1,4.02
2024-02-27,SKU003,Gadget A,Gadgets,1,50.02,50.02,30,20.02,0,
2024-02-27,SKU004,Gadget B,Gadgets,3,62.77,188.32,105,83.32,0,
2024-02-27,SKU005,Accessory A,Accessories,7,14.88,104.14,49,55.14,1,3.86
2024-02-27,SKU006,Accessory B,Accessories,4,17.52,70.08,36,34.08,0,
2024-02-27,SKU007,Device A,Devices,3,99.28,297.83,180,117.83,0,
2024-02-27,SKU008,Device B,Devices,5,107.92,539.62,350,189.62,0,3.26
2024-02-28,SKU001,Widget A,Widgets,5,19.92,99.61,50,49.61,0,
2024-02-28,SKU002,Widget B,Widgets,6,24.89,149.37,72,77.37,0,
2024-02-28,SKU003,Gadget A,Gadgets,3,47.76,143.28,90,53.28,1,
2024-02-28,SKU004,Gadget B,Gadgets,4,59.96,239.83,140,99.83,0,
2024-02-28,SKU005,Accessory A,Accessories,4,14.26,57.02,28,29.02,2,4.02
2024-02-28,SKU006,Accessory B,Accessories,1,17.84,17.84,9,8.84,0,
2024-02-28,SKU007,Device A,Devices,2,92.55,185.1,120,65.1,0,3.43
2024-02-28,SKU008,Device B,Devices,0,122.92,0.0,0,0.0,0,
2024-02-29,SKU001,Widget A,Widgets,4,19.51,78.04,40,38.04,0,3.89
2024-02-29,SKU002,Widget B,Widgets,5,24.28,121.38,60,61.38,0,
2024-02-29,SKU003,Gadget A,Gadgets,5,43.69,218.46,150,68.46,0,3.48
2024-02-29,SKU004,Gadget B,Gadgets,2,61.82,123.64,70,53.64,0,
2024-02-29,SKU005,Accessory A,Accessories,4,15.19,60.77,28,32.77,0,4.72
2024-02-29,SKU006,Accessory B,Accessories,8,18.54,148.28,72,76.28,1,
2024-02-29,SKU007,Device A,Devices,1,99.0,99.0,60,39.0,0,4.54
2024-02-29,SKU008,Device B,Devices,1,99.29,99.29,70,29.29,0,
2024-03-01,SKU001,Widget A,Widgets,6,20.69,124.12,60,64.12,0,4.25
2024-03-01,SKU002,Widget B,Widgets,7,24.53,171.7,84,87.7,0,3.93
2024-03-01,SKU003,Gadget A,Gadgets,4,46.01,184.02,120,64.02,0,4.09
2024-03-01,SKU004,Gadget B,Gadgets,3,61.3,183.91,105,78.91,0,3.58
2024-03-01,SKU005,Accessory A,Accessories,4,13.39,53.56,28,25.56,0,
2024-03-01,SKU006,Accessory B,Accessories,3,18.12,54.37,27,27.37,1,5.0
2024-03-01,SKU007,Device A,Devices,2,98.57,197.14,120,77.14,0,3.24
2024-03-01,SKU008,Device B,Devices,2,123.93,247.86,140,107.86,0,
2024-03-02,SKU001,Widget A,Widgets,6,20.39,122.32,60,62.32,2,3.6
2024-03-02,SKU002,Widget B,Widgets,7,26.1,182.71,84,98.71,0,3.5
2024-03-02,SKU003,Gadget A,Gadgets,5,49.68,248.4,150,98.4,0,3.89
2024-03-02,SKU004,Gadget B,Gadgets,0,57.19,0.0,0,0.0,0,
2024-03-02,SKU005,Accessory A,Accessories,7,15.61,109.27,49,60.27,0,
2024-03-02,SKU006,Accessory B,Accessories,5,17.23,86.13,45,41.13,1,4.02
2024-03-02,SKU007,Device A,Devices,1,99.91,99.91,60,39.91,0,
2024-03-02,SKU008,Device B,Devices,3,125.59,376.78,210,166.78,0,
2024-03-03,SKU001,Widget A,Widgets,3,20.62,61.85,30,31.85,0,4.2
2024-03-03,SKU002,Widget B,Widgets,5,24.22,121.09,60,61.09,0,3.75
2024-03-03,SKU003,Gadget A,Gadgets,3,48.75,146.26,90,56.26,0,4.0
2024-03-03,SKU004,Gadget B,Gadgets,3,57.87,173.6,105,68.6,0,3.6
2024-03-03,SKU005,Accessory A,Accessories,5,14.53,72.63,35,37.63,0,4.54
2024-03-03,SKU006,Accessory B,Accessories,2,18.76,37.51,18,19.51,0,
2024-03-03,SKU007,Device A,Devices,3,99.1,297.31,180,117.31,0,3.98
2024-03-03,SKU008,Device B,Devices,3,117.02,351.07,210,141.07,0,4.46
2024-03-04,SKU001,Widget A,Widgets,5,18.48,92.38,50,42.38,0,3.7
2024-03-04,SKU002,Widget B,Widgets,6,25.14,150.84,72,78.84,0,4.54
2024-03-04,SKU003,Gadget A,Gadgets,5,51.99,259.96,150,109.96,1,
2024-03-04,SKU004,Gadget B,Gadgets,3,58.92,176.77,105,71.77,0,
2024-03-04,SKU005,Accessory A,Accessories,7,14.77,103.38,49,54.38,0,4.44
2024-03-04,SKU006,Accessory B,Accessories,6,17.13,102.77,54,48.77,0,
2024-03-04,SKU007,Device A,Devices,5,103.09,515.44,300,215.44,0,3.32
2024-03-04,SKU008,Device B,Devices,4,122.51,490.03,280,210.03,0,
2024-03-05,SKU001,Widget A,Widgets,4,20.19,80.77,40,40.77,0,3.09
2024-03-05,SKU002,Widget B,Widgets,4,26.1,104.38,48,56.38,0,
2024-03-05,SKU003,Gadget A,Gadgets,4,39.63,158.53,120,38.53,0,
2024-03-05,SKU004,Gadget B,Gadgets,4,57.96,231.83,140,91.83,0,
2024-03-05,SKU005,Accessory A,Accessories,7,14.89,104.26,49,55.26,0,3.46
2024-03-05,SKU006,Accessory B,Accessories,10,17.67,176.7,90,86.7,2,3.84
2024-03-05,SKU007,Device A,Devices,0,97.19,0.0,0,0.0,0,
2024-03-05,SKU008,Device B,Devices,4,123.29,493.15,280,213.15,0,
2024-03-06,SKU001,Widget A,Widgets,10,20.86,208.63,100,108.63,0,3.65
2024-03-06,SKU002,Widget B,Widgets,6,25.32,151.92,72,79.92,0,
2024-03-06,SKU003,Gadget A,Gadgets,4,50.39,201.56,120,81.56,1,3.08
2024-03-06,SKU004,Gadget B,Gadgets,3,61.6,184.81,105,79.81,0,
2024-03-06,SKU005,Accessory A,Accessories,4,14.94,59.76,28,31.76,1,2.56
2024-03-06,SKU006,Accessory B,Accessories,3,17.57,52.72,27,25.72,0,3.9
2024-03-06,SKU007,Device A,Devices,3,85.94,257.81,180,77.81,0,3.94
2024-03-06,SKU008,Device B,Devices,3,115.55,346.64,210,136.64,1,3.99
2024-03-07,SKU001,Widget A,Widgets,6,20.76,124.59,60,64.59,0,3.55
2024-03-07,SKU002,Widget B,Widgets,9,24.93,224.34,108,116.34,0,3.55
2024-03-07,SKU003,Gadget A,Gadgets,2,43.83,87.67,60,27.67,0,
2024-03-07,SKU004,Gadget B,Gadgets,5,61.99,309.94,175,134.94,0,4.73
2024-03-07,SKU005,Accessory A,Accessories,3,15.01,45.02,21,24.02,0,
2024-03-07,SKU006,Accessory B,Accessories,6,14.23,85.39,54,31.39,0,4.1
2024-03-07,SKU007,Device A,Devices,3,98.95,296.84,180,116.84,1,
2024-03-07,SKU008,Device B,Devices,0,119.84,0.0,0,0.0,0,
2024-03-08,SKU001,Widget A,Widgets,10,20.56,205.57,100,105.57,0,3.27
2024-03-08,SKU002,Widget B,Widgets,4,25.18,100.74,48,52.74,0,4.34
2024-03-08,SKU003,Gadget A,Gadgets,1,50.59,50.59,30,20.59,0,3.85
2024-03-08,SKU004,Gadget B,Gadgets,3,62.34,187.02,105,82.02,0,
2024-03-08,SKU005,Accessory A,Accessories,5,15.03,75.13,35,40.13,1,4.4
2024-03-08,SKU006,Accessory B,Accessories,5,17.68,88.42,45,43.42,1,3.44
2024-03-08,SKU007,Device A,Devices,4,86.69,346.77,240,106.77,0,
2024-03-08,SKU008,Device B,Devices,4,115.25,460.99,280,180.99,0,3.66
2024-03-09,SKU001,Widget A,Widgets,7,19.48,136.38,70,66.38,0,3.97
2024-03-09,SKU002,Widget B,Widgets,8,22.71,181.67,96,85.67,0,3.83
2024-03-09,SKU003,Gadget A,Gadgets,4,48.06,192.25,120,72.25,0,3.57
2024-03-09,SKU004,Gadget B,Gadgets,6,58.81,352.88,210,142.88,1,4.15
2024-03-09,SKU005,Accessory A,Accessories,1,14.76,14.76,7,7.76,0,
2024-03-09,SKU006,Accessory B,Accessories,5,18.65,93.26,45,48.26,0,3.95
2024-03-09,SKU007,Device A,Devices,2,101.7,203.4,120,83.4,0,3.73
2024-03-09,SKU008,Device B,Devices,3,119.16,357.49,210,147.49,0,
2024-03-10,SKU001,Widget A,Widgets,4,19.42,77.66,40,37.66,0,3.86
2024-03-10,SKU002,Widget B,Widgets,5,24.44,122.18,60,62.18,0,3.62
2024-03-10,SKU003,Gadget A,Gadgets,4,49.91,199.65,120,79.65,0,
2024-03-10,SKU004,Gadget B,Gadgets,2,58.29,116.58,70,46.58,0,
2024-03-10,SKU005,Accessory A,Accessories,7,14.96,104.69,49,55.69,1,4.42
2024-03-10,SKU006,Accessory B,Accessories,8,17.77,142.17,72,70.17,0,3.82
2024-03-10,SKU007,Device A,Devices,1,95.89,95.89,60,35.89,1,
2024-03-10,SKU008,Device B,Devices,1,93.95,93.95,70,23.95,0,
2024-03-11,SKU001,Widget A,Widgets,3,20.79,62.37,30,32.37,0,4.49
2024-03-11,SKU002,Widget B,Widgets,6,24.39,146.31,72,74.31,0,4.79
2024-03-11,SKU003,Gadget A,Gadgets,3,49.85,149.54,90,59.54,0,3.51
2024-03-11,SKU004,Gadget B,Gadgets,0,52.44,0.0,0,0.0,0,
2024-03-11,SKU005,Accessory A,Accessories,3,15.22,45.65,21,24.65,0,4.47
2024-03-11,SKU006,Accessory B,Accessories,6,17.51,105.03,54,51.03,0,3.15
2024-03-11,SKU007,Device A,Devices,3,85.85,257.54,180,77.54,0,4.66
2024-03-11,SKU008,Device B,Devices,2,119.27,238.55,140,98.55,0,
2024-03-12,SKU001,Widget A,Widgets,7,20.7,144.9,70,74.9,0,3.8
2024-03-12,SKU002,Widget B,Widgets,5,25.8,129.01,60,69.01,0,3.91
2024-03-12,SKU003,Gadget A,Gadgets,5,48.8,243.99,150,93.99,0,
2024-03-12,SKU004,Gadget B,Gadgets,5,58.15,290.76,175,115.76,2,
2024-03-12,SKU005,Accessory A,Accessories,7,14.92,104.47,49,55.47,0,4.11
2024-03-12,SKU006,Accessory B,Accessories,2,18.08,36.15,18,18.15,0,
2024-03-12,SKU007,Device A,Devices,5,100.35,501.73,300,201.73,0,4.38
2024-03-12,SKU008,Device B,Devices,2,125.97,251.94,140,111.94,0,3.27
2024-03-13,SKU001,Widget A,Widgets,5,20.8,104.02,50,54.02,0,4.14
2024-03-13,SKU002,Widget B,Widgets,9,20.33,183.01,108,75.01,0,
2024-03-13,SKU003,Gadget A,Gadgets,2,48.32,96.65,60,36.65,0,
2024-03-13,SKU004,Gadget B,Gadgets,2,57.44,114.88,70,44.88,0,4.44
2024-03-13,SKU005,Accessory A,Accessories,4,14.67,58.66,28,30.66,1,4.61
2024-03-13,SKU006,Accessory B,Accessories,6,18.79,112.73,54,58.73,0,
2024-03-13,SKU007,Device A,Devices,4,87.81,351.24,240,111.24,0,4.07
2024-03-13,SKU008,Device B,Devices,4,120.65,482.6,280,202.6,1,
2024-03-14,SKU001,Widget A,Widgets,4,17.87,71.47,40,31.47,2,4.19
2024-03-14,SKU002,Widget B,Widgets,5,25.78,128.88,60,68.88,1,
2024-03-14,SKU003,Gadget A,Gadgets,2,49.01,98.01,60,38.01,0,3.48
2024-03-14,SKU004,Gadget B,Gadgets,2,58.48,116.97,70,46.97,0,
2024-03-14,SKU005,Accessory A,Accessories,4,15.24,60.96,28,32.96,0,
2024-03-14,SKU006,Accessory B,Accessories,5,18.55,92.73,45,47.73,1,4.2
2024-03-14,SKU007,Device A,Devices,1,100.49,100.49,60,40.49,0,
2024-03-14,SKU008,Device B,Devices,1,117.16,117.16,70,47.16,0,
2024-03-15,SKU001,Widget A,Widgets,5,19.45,97.23,50,47.23,0,3.31
2024-03-15,SKU002,Widget B,Widgets,7,24.78,173.49,84,89.49,0,4.74
2024-03-15,SKU003,Gadget A,Gadgets,3,51.6,154.81,90,64.81,0,
2024-03-15,SKU004,Gadget B,Gadgets,3,59.53,178.58,105,73.58,0,
2024-03-15,SKU005,Accessory A,Accessories,1,14.26,14.26,7,7.26,1,
2024-03-15,SKU006,Accessory B,Accessories,1,15.44,15.44,9,6.44,1,5.0
2024-03-15,SKU007,Device A,Devices,1,99.57,99.57,60,39.57,0,3.7
2024-03-15,SKU008,Device B,Devices,2,123.62,247.24,140,107.24,0,
2024-03-16,SKU001,Widget A,Widgets,8,15.41,123.27,80,43.27,0,4.18
2024-03-16,SKU002,Widget B,Widgets,4,21.96,87.85,48,39.85,0,3.98
2024-03-16,SKU003,Gadget A,Gadgets,4,43.49,173.95,120,53.95,0,
2024-03-16,SKU004,Gadget B,Gadgets,4,57.34,229.37,140,89.37,0,4.58
2024-03-16,SKU005,Accessory A,Accessories,3,14.3,42.89,21,21.89,1,3.89
2024-03-16,SKU006,Accessory B,Accessories,7,17.5,122.47,63,59.47,1,3.59
2024-03-16,SKU007,Device A,Devices,2,101.87,203.75,120,83.75,0,4.78
2024-03-16,SKU008,Device B,Devices,1,107.44,107.44,70,37.44,0,
2024-03-17,SKU001,Widget A,Widgets,10,17.51,175.1,100,75.1,0,4.0
2024-03-17,SKU002,Widget B,Widgets,5,24.88,124.39,60,64.39,0,3.91
2024-03-17,SKU003,Gadget A,Gadgets,5,50.66,253.29,150,103.29,0,2.75
2024-03-17,SKU004,Gadget B,Gadgets,6,60.51,363.07,210,153.07,0,3.78
2024-03-17,SKU005,Accessory A,Accessories,4,13.99,55.96,28,27.96,0,3.94
2024-03-17,SKU006,Accessory B,Accessories,8,17.6,140.84,72,68.84,1,2.9
2024-03-17,SKU007,Device A,Devices,2,96.27,192.54,120,72.54,1,4.31
2024-03-17,SKU008,Device B,Devices,2,125.57,251.13,140,111.13,0,
2024-03-18,SKU001,Widget A,Widgets,4,20.84,83.37,40,43.37,0,3.51
2024-03-18,SKU002,Widget B,Widgets,8,24.69,197.53,96,101.53,0,3.91
2024-03-18,SKU003,Gadget A,Gadgets,5,47.7,238.51,150,88.51,1,3.64
2024-03-18,SKU004,Gadget B,Gadgets,3,61.06,183.19,105,78.19,0,
2024-03-18,SKU005,Accessory A,Accessories,4,14.71,58.83,28,30.83,0,
2024-03-18,SKU006,Accessory B,Accessories,2,18.11,36.23,18,18.23,0,3.38
2024-03-18,SKU007,Device A,Devices,2,96.26,192.52,120,72.52,0,
2024-03-18,SKU008,Device B,Devices,2,123.51,247.02,140,107.02,0,
2024-03-19,SKU001,Widget A,Widgets,4,20.18,80.73,40,40.73,0,3.92
2024-03-19,SKU002,Widget B,Widgets,2,25.28,50.56,24,26.56,0,
2024-03-19,SKU003,Gadget A,Gadgets,5,52.38,261.9,150,111.9,1,3.88
2024-03-19,SKU004,Gadget B,Gadgets,0,62.82,0.0,0,0.0,0,
2024-03-19,SKU005,Accessory A,Accessories,4,14.29,57.17,28,29.17,1,3.43
2024-03-19,SKU006,Accessory B,Accessories,2,18.02,36.03,18,18.03,0,
2024-03-19,SKU007,Device A,Devices,1,103.67,103.67,60,43.67,0,
2024-03-19,SKU008,Device B,Devices,2,103.96,207.92,140,67.92,1,4.41
2024-03-20,SKU001,Widget A,Widgets,10,16.4,164.05,100,64.05,1,
2024-03-20,SKU002,Widget B,Widgets,5,24.45,122.27,60,62.27,0,4.03
2024-03-20,SKU003,Gadget A,Gadgets,5,48.28,241.41,150,91.41,0,3.75
2024-03-20,SKU004,Gadget B,Gadgets,4,62.85,251.41,140,111.41,0,3.53
2024-03-20,SKU005,Accessory A,Accessories,12,14.61,175.35,84,91.35,0,4.25
2024-03-20,SKU006,Accessory B,Accessories,2,17.66,35.31,18,17.31,0,3.76
2024-03-20,SKU007,Device A,Devices,3,99.14,297.42,180,117.42,0,3.6
2024-03-20,SKU008,Device B,Devices,2,122.08,244.16,140,104.16,0,3.59
2024-03-21,SKU001,Widget A,Widgets,10,19.03,190.31,100,90.31,0,4.34
2024-03-21,SKU002,Widget B,Widgets,1,23.47,23.47,12,11.47,0,
2024-03-21,SKU003,Gadget A,Gadgets,2,52.19,104.39,60,44.39,0,3.57
2024-03-21,SKU004,Gadget B,Gadgets,3,57.0,171.01,105,66.01,0,
2024-03-21,SKU005,Accessory A,Accessories,8,14.49,115.88,56,59.88,0,4.88
2024-03-21,SKU006,Accessory B,Accessories,3,18.07,54.22,27,27.22,0,
2024-03-21,SKU007,Device A,Devices,6,103.03,618.18,360,258.18,0,3.06
2024-03-21,SKU008,Device B,Devices,3,123.26,369.79,210,159.79,1,4.36
2024-03-22,SKU001,Widget A,Widgets,7,19.35,135.42,70,65.42,0,
2024-03-22,SKU002,Widget B,Widgets,10,26.02,260.18,120,140.18,0,4.56
2024-03-22,SKU003,Gadget A,Gadgets,3,51.89,155.66,90,65.66,2,
2024-03-22,SKU004,Gadget B,Gadgets,3,62.98,188.93,105,83.93,0,3.76
2024-03-22,SKU005,Accessory A,Accessories,4,14.68,58.74,28,30.74,0,3.74
2024-03-22,SKU006,Accessory B,Accessories,4,17.84,71.37,36,35.37,0,3.14
2024-03-22,SKU007,Device A,Devices,0,89.4,0.0,0,0.0,0,
2024-03-22,SKU008,Device B,Devices,0,120.65,0.0,0,0.0,0,
2024-03-23,SKU001,Widget A,Widgets,6,19.12,114.72,60,54.72,0,3.75
2024-03-23,SKU002,Widget B,Widgets,5,24.31,121.54,60,61.54,0,3.22
2024-03-23,SKU003,Gadget A,Gadgets,7,48.81,341.69,210,131.69,0,
2024-03-23,SKU004,Gadget B,Gadgets,8,58.88,471.04,280,191.04,1,4.25
2024-03-23,SKU005,Accessory A,Accessories,3,14.63,43.88,21,22.88,0,
2024-03-23,SKU006,Accessory B,Accessories,2,18.18,36.36,18,18.36,0,
2024-03-23,SKU007,Device A,Devices,1,96.01,96.01,60,36.01,0,
2024-03-23,SKU008,Device B,Devices,1,105.09,105.09,70,35.09,0,
2024-03-24,SKU001,Widget A,Widgets,7,19.53,136.69,70,66.69,0,4.14
2024-03-24,SKU002,Widget B,Widgets,7,25.99,181.93,84,97.93,0,5.0
2024-03-24,SKU003,Gadget A,Gadgets,3,40.75,122.24,90,32.24,0,
2024-03-24,SKU004,Gadget B,Gadgets,2,60.93,121.86,70,51.86,0,2.9
2024-03-24,SKU005,Accessory A,Accessories,2,13.23,26.46,14,12.46,0,
2024-03-24,SKU006,Accessory B,Accessories,6,18.15,108.91,54,54.91,0,4.14
2024-03-24,SKU007,Device A,Devices,3,89.73,269.2,180,89.2,0,
2024-03-24,SKU008,Device B,Devices,5,119.02,595.08,350,245.08,0,3.87
2024-03-25,SKU001,Widget A,Widgets,3,19.43,58.29,30,28.29,0,
2024-03-25,SKU002,Widget B,Widgets,8,24.1,192.8,96,96.8,0,3.9
2024-03-25,SKU003,Gadget A,Gadgets,11,49.91,549.06,330,219.06,0,4.11
2024-03-25,SKU004,Gadget B,Gadgets,1,47.49,47.49,35,12.49,0,
2024-03-25,SKU005,Accessory A,Accessories,4,15.55,62.18,28,34.18,1,4.28
2024-03-25,SKU006,Accessory B,Accessories,1,17.71,17.71,9,8.71,0,
2024-03-25,SKU007,Device A,Devices,4,100.57,402.27,240,162.27,0,5.0
2024-03-25,SKU008,Device B,Devices,1,119.16,119.16,70,49.16,0,
2024-03-26,SKU001,Widget A,Widgets,4,19.75,79.01,40,39.01,1,3.49
2024-03-26,SKU002,Widget B,Widgets,4,23.43,93.72,48,45.72,0,4.12
2024-03-26,SKU003,Gadget A,Gadgets,4,47.76,191.05,120,71.05,0,3.92
2024-03-26,SKU004,Gadget B,Gadgets,4,60.39,241.54,140,101.54,0,3.55
2024-03-26,SKU005,Accessory A,Accessories,5,14.3,71.48,35,36.48,0,4.06
2024-03-26,SKU006,Accessory B,Accessories,6,17.94,107.61,54,53.61,0,
2024-03-26,SKU007,Device A,Devices,5,102.23,511.13,300,211.13,0,4.7
2024-03-26,SKU008,Device B,Devices,0,125.76,0.0,0,0.0,0,
2024-03-27,SKU001,Widget A,Widgets,5,17.62,88.1,50,38.1,0,4.13
2024-03-27,SKU002,Widget B,Widgets,4,26.11,104.43,48,56.43,0,5.0
2024-03-27,SKU003,Gadget A,Gadgets,10,52.25,522.53,300,222.53,0,3.87
2024-03-27,SKU004,Gadget B,Gadgets,5,60.26,301.3,175,126.3,0,
2024-03-27,SKU005,Accessory A,Accessories,4,15.61,62.45,28,34.45,0,3.74
2024-03-27,SKU006,Accessory B,Accessories,2,17.46,34.92,18,16.92,0,
2024-03-27,SKU007,Device A,Devices,1,102.02,102.02,60,42.02,0,
2024-03-27,SKU008,Device B,Devices,3,111.35,334.04,210,124.04,1,5.0
2024-03-28,SKU001,Widget A,Widgets,8,19.05,152.38,80,72.38,1,3.66
2024-03-28,SKU002,Widget B,Widgets,8,25.59,204.69,96,108.69,0,
2024-03-28,SKU003,Gadget A,Gadgets,4,49.96,199.85,120,79.85,0,
2024-03-28,SKU004,Gadget B,Gadgets,0,58.49,0.0,0,0.0,0,
2024-03-28,SKU005,Accessory A,Accessories,3,14.44,43.33,21,22.33,0,4.69
2024-03-28,SKU006,Accessory B,Accessories,2,17.66,35.32,18,17.32,0,3.44
2024-03-28,SKU007,Device A,Devices,1,99.18,99.18,60,39.18,1,
2024-03-28,SKU008,Device B,Devices,4,120.14,480.58,280,200.58,0,4.13
2024-03-29,SKU001,Widget A,Widgets,4,19.7,78.8,40,38.8,0,
2024-03-29,SKU002,Widget B,Widgets,9,24.59,221.35,108,113.35,1,4.08
2024-03-29,SKU003,Gadget A,Gadgets,5,51.78,258.91,150,108.91,1,
2024-03-29,SKU004,Gadget B,Gadgets,4,61.98,247.93,140,107.93,0,
2024-03-29,SKU005,Accessory A,Accessories,6,15.56,93.36,42,51.36,0,3.38
2024-03-29,SKU006,Accessory B,Accessories,9,17.12,154.05,81,73.05,0,3.32
2024-03-29,SKU007,Device A,Devices,1,97.32,97.32,60,37.32,0,
2024-03-29,SKU008,Device B,Devices,2,119.61,239.23,140,99.23,0,
2024-03-30,SKU001,Widget A,Widgets,11,19.58,215.39,110,105.39,0,3.89
2024-03-30,SKU002,Widget B,Widgets,5,25.32,126.58,60,66.58,0,
2024-03-30,SKU003,Gadget A,Gadgets,6,49.94,299.61,180,119.61,0,3.89
2024-03-30,SKU004,Gadget B,Gadgets,5,57.6,287.99,175,112.99,0,3.36
2024-03-30,SKU005,Accessory A,Accessories,7,13.34,93.35,49,44.35,0,
2024-03-30,SKU006,Accessory B,Accessories,4,18.22,72.89,36,36.89,0,3.18
2024-03-30,SKU007,Device A,Devices,3,103.91,311.72,180,131.72,0,4.35
2024-03-30,SKU008,Device B,Devices,1,116.24,116.24,70,46.24,0,
2024-03-31,SKU001,Widget A,Widgets,1,20.91,20.91,10,10.91,0,4.83
2024-03-31,SKU002,Widget B,Widgets,6,24.7,148.19,72,76.19,0,3.95
2024-03-31,SKU003,Gadget A,Gadgets,1,50.24,50.24,30,20.24,0,3.27
2024-03-31,SKU004,Gadget B,Gadgets,3,59.06,177.18,105,72.18,0,3.14
2024-03-31,SKU005,Accessory A,Accessories,6,15.61,93.63,42,51.63,1,4.48
2024-03-31,SKU006,Accessory B,Accessories,3,18.17,54.51,27,27.51,0,
2024-03-31,SKU007,Device A,Devices,1,85.67,85.67,60,25.67,0,
2024-03-31,SKU008,Device B,Devices,2,122.07,244.13,140,104.13,0,
2024-04-01,SKU001,Widget A,Widgets,4,17.45,69.81,40,29.81,0,4.07
2024-04-01,SKU002,Widget B,Widgets,6,25.2,151.2,72,79.2,0,
2024-04-01,SKU003,Gadget A,Gadgets,4,51.68,206.71,120,86.71,1,3.85
2024-04-01,SKU004,Gadget B,Gadgets,5,61.8,309.0,175,134.0,0,
2024-04-01,SKU005,Accessory A,Accessories,3,13.17,39.52,21,18.52,0,
2024-04-01,SKU006,Accessory B,Accessories,6,14.86,89.17,54,35.17,0,4.25
2024-04-01,SKU007,Device A,Devices,4,101.38,405.51,240,165.51,0,
2024-04-01,SKU008,Device B,Devices,4,125.19,500.77,280,220.77,0,3.82
2024-04-02,SKU001,Widget A,Widgets,5,16.72,83.58,50,33.58,0,3.89
2024-04-02,SKU002,Widget B,Widgets,8,26.09,208.76,96,112.76,0,4.01
2024-04-02,SKU003,Gadget A,Gadgets,2,50.07,100.14,60,40.14,0,3.81
2024-04-02,SKU004,Gadget B,Gadgets,6,52.66,315.96,210,105.96,0,4.98
2024-04-02,SKU005,Accessory A,Accessories,8,15.59,124.74,56,68.74,1,4.08
2024-04-02,SKU006,Accessory B,Accessories,6,17.7,106.19,54,52.19,0,3.63
2024-04-02,SKU007,Device A,Devices,2,97.1,194.2,120,74.2,0,
2024-04-02,SKU008,Device B,Devices,3,103.19,309.58,210,99.58,0,4.02
2024-04-03,SKU001,Widget A,Widgets,7,19.75,138.22,70,68.22,1,3.85
2024-04-03,SKU002,Widget B,Widgets,5,24.44,122.22,60,62.22,1,3.7
2024-04-03,SKU003,Gadget A,Gadgets,5,48.04,240.22,150,90.22,1,3.61
2024-04-03,SKU004,Gadget B,Gadgets,3,59.32,177.97,105,72.97,0,
2024-04-03,SKU005,Accessory A,Accessories,7,15.1,105.69,49,56.69,1,4.2
2024-04-03,SKU006,Accessory B,Accessories,4,16.93,67.72,36,31.72,0,4.78
2024-04-03,SKU007,Device A,Devices,3,89.55,268.66,180,88.66,0,
2024-04-03,SKU008,Device B,Devices,4,116.11,464.46,280,184.46,0,4.58
2024-04-04,SKU001,Widget A,Widgets,6,19.2,115.21,60,55.21,0,3.67
2024-04-04,SKU002,Widget B,Widgets,5,20.76,103.78,60,43.78,0,4.11
2024-04-04,SKU003,Gadget A,Gadgets,3,52.43,157.28,90,67.28,0,3.83
2024-04-04,SKU004,Gadget B,Gadgets,4,58.38,233.52,140,93.52,0,3.75
2024-04-04,SKU005,Accessory A,Accessories,5,15.32,76.62,35,41.62,0,3.66
2024-04-04,SKU006,Accessory B,Accessories,6,14.57,87.42,54,33.42,2,3.51
2024-04-04,SKU007,Device A,Devices,1,102.04,102.04,60,42.04,0,
2024-04-04,SKU008,Device B,Devices,2,124.69,249.38,140,109.38,0,
2024-04-05,SKU001,Widget A,Widgets,8,19.24,153.91,80,73.91,0,
2024-04-05,SKU002,Widget B,Widgets,10,25.74,257.39,120,137.39,0,4.43
2024-04-05,SKU003,Gadget A,Gadgets,4,49.99,199.96,120,79.96,0,2.31
2024-04-05,SKU004,Gadget B,Gadgets,1,60.76,60.76,35,25.76,0,
2024-04-05,SKU005,Accessory A,Accessories,5,14.7,73.51,35,38.51,0,4.11
2024-04-05,SKU006,Accessory B,Accessories,3,17.68,53.04,27,26.04,0,
2024-04-05,SKU007,Device A,Devices,1,104.76,104.76,60,44.76,0,3.79
2024-04-05,SKU008,Device B,Devices,2,122.7,245.4,140,105.4,0,3.78
2024-04-06,SKU001,Widget A,Widgets,9,19.43,174.85,90,84.85,0,3.91
2024-04-06,SKU002,Widget B,Widgets,4,25.45,101.8,48,53.8,0,3.08
2024-04-06,SKU003,Gadget A,Gadgets,4,44.91,179.64,120,59.64,0,4.25
2024-04-06,SKU004,Gadget B,Gadgets,3,57.59,172.78,105,67.78,0,
2024-04-06,SKU005,Accessory A,Accessories,5,14.06,70.28,35,35.28,1,
2024-04-06,SKU006,Accessory B,Accessories,9,18.06,162.52,81,81.52,0,3.77
2024-04-06,SKU007,Device A,Devices,2,100.8,201.6,120,81.6,0,3.59
2024-04-06,SKU008,Device B,Devices,2,115.7,231.41,140,91.41,0,4.47
2024-04-07,SKU001,Widget A,Widgets,6,19.75,118.52,60,58.52,0,3.84
2024-04-07,SKU002,Widget B,Widgets,11,21.81,239.93,132,107.93,0,4.11
2024-04-07,SKU003,Gadget A,Gadgets,2,50.55,101.1,60,41.1,0,4.05
2024-04-07,SKU004,Gadget B,Gadgets,4,60.61,242.42,140,102.42,1,3.59
2024-04-07,SKU005,Accessory A,Accessories,2,14.96,29.92,14,15.92,0,
2024-04-07,SKU006,Accessory B,Accessories,8,18.89,151.11,72,79.11,1,4.32
2024-04-07,SKU007,Device A,Devices,2,102.98,205.97,120,85.97,0,3.81
2024-04-07,SKU008,Device B,Devices,2,118.27,236.53,140,96.53,0,4.1
2024-04-08,SKU001,Widget A,Widgets,1,19.28,19.28,10,9.28,0,
2024-04-08,SKU002,Widget B,Widgets,3,25.6,76.79,36,40.79,0,3.62
2024-04-08,SKU003,Gadget A,Gadgets,3,50.73,152.2,90,62.2,0,4.2
2024-04-08,SKU004,Gadget B,Gadgets,3,51.47,154.4,105,49.4,0,4.07
2024-04-08,SKU005,Accessory A,Accessories,3,15.36,46.07,21,25.07,0,3.99
2024-04-08,SKU006,Accessory B,Accessories,6,13.85,83.1,54,29.1,1,
2024-04-08,SKU007,Device A,Devices,0,103.5,0.0,0,0.0,0,
2024-04-08,SKU008,Device B,Devices,4,124.87,499.49,280,219.49,2,4.73
2024-04-09,SKU001,Widget A,Widgets,5,19.82,99.09,50,49.09,0,3.46
2024-04-09,SKU002,Widget B,Widgets,10,24.72,247.24,120,127.24,0,3.7
2024-04-09,SKU003,Gadget A,Gadgets,7,49.32,345.24,210,135.24,2,4.35
2024-04-09,SKU004,Gadget B,Gadgets,4,55.77,223.06,140,83.06,1,3.93
2024-04-09,SKU005,Accessory A,Accessories,3,13.42,40.27,21,19.27,0,
2024-04-09,SKU006,Accessory B,Accessories,2,15.74,31.48,18,13.48,0,3.67
2024-04-09,SKU007,Device A,Devices,3,99.56,298.68,180,118.68,0,3.83
2024-04-09,SKU008,Device B,Devices,6,119.32,715.9,420,295.9,0,5.0
2024-04-10,SKU001,Widget A,Widgets,7,19.39,135.74,70,65.74,0,4.31
2024-04-10,SKU002,Widget B,Widgets,8,24.27,194.2,96,98.2,0,4.92
2024-04-10,SKU003,Gadget A,Gadgets,6,49.63,297.79,180,117.79,0,
2024-04-10,SKU004,Gadget B,Gadgets,4,61.23,244.92,140,104.92,0,3.26
2024-04-10,SKU005,Accessory A,Accessories,4,14.7,58.81,28,30.81,0,4.33
2024-04-10,SKU006,Accessory B,Accessories,3,17.27,51.82,27,24.82,0,3.85
2024-04-10,SKU007,Device A,Devices,4,91.85,367.4,240,127.4,0,3.09
2024-04-10,SKU008,Device B,Devices,1,120.07,120.07,70,50.07,0,
2024-04-11,SKU001,Widget A,Widgets,10,20.71,207.11,100,107.11,1,3.3
2024-04-11,SKU002,Widget B,Widgets,9,23.96,215.68,108,107.68,0,
2024-04-11,SKU003,Gadget A,Gadgets,5,52.16,260.8,150,110.8,0,
2024-04-11,SKU004,Gadget B,Gadgets,3,61.92,185.75,105,80.75,0,
2024-04-11,SKU005,Accessory A,Accessories,3,15.23,45.7,21,24.7,0,4.69
2024-04-11,SKU006,Accessory B,Accessories,0,17.46,0.0,0,0.0,0,
2024-04-11,SKU007,Device A,Devices,2,101.09,202.18,120,82.18,0,3.53
2024-04-11,SKU008,Device B,Devices,5,119.2,595.98,350,245.98,0,4.91
2024-04-12,SKU001,Widget A,Widgets,5,15.47,77.37,50,27.37,1,4.97
2024-04-12,SKU002,Widget B,Widgets,7,25.39,177.76,84,93.76,0,4.61
2024-04-12,SKU003,Gadget A,Gadgets,7,48.57,339.98,210,129.98,0,4.28
2024-04-12,SKU004,Gadget B,Gadgets,3,54.76,164.29,105,59.29,0,5.0
2024-04-12,SKU005,Accessory A,Accessories,8,13.48,107.83,56,51.83,0,4.76
2024-04-12,SKU006,Accessory B,Accessories,1,18.41,18.41,9,9.41,0,4.15
2024-04-12,SKU007,Device A,Devices,6,99.06,594.38,360,234.38,0,
2024-04-12,SKU008,Device B,Devices,3,125.25,375.74,210,165.74,0,
2024-04-13,SKU001,Widget A,Widgets,3,20.02,60.06,30,30.06,0,
2024-04-13,SKU002,Widget B,Widgets,5,25.8,128.99,60,68.99,1,4.06
2024-04-13,SKU003,Gadget A,Gadgets,3,51.0,153.0,90,63.0,0,4.24
2024-04-13,SKU004,Gadget B,Gadgets,3,60.93,182.8,105,77.8,0,4.35
2024-04-13,SKU005,Accessory A,Accessories,8,15.5,124.03,56,68.03,1,3.55
2024-04-13,SKU006,Accessory B,Accessories,8,17.94,143.56,72,71.56,0,3.92
2024-04-13,SKU007,Device A,Devices,3,101.72,305.16,180,125.16,0,3.31
2024-04-13,SKU008,Device B,Devices,0,119.83,0.0,0,0.0,0,
2024-04-14,SKU001,Widget A,Widgets,9,20.81,187.3,90,97.3,1,4.67
2024-04-14,SKU002,Widget B,Widgets,4,22.11,88.44,48,40.44,0,4.91
2024-04-14,SKU003,Gadget A,Gadgets,4,48.21,192.83,120,72.83,0,3.7
2024-04-14,SKU004,Gadget B,Gadgets,3,61.59,184.77,105,79.77,1,4.18
2024-04-14,SKU005,Accessory A,Accessories,5,15.04,75.22,35,40.22,1,4.28
2024-04-14,SKU006,Accessory B,Accessories,4,18.63,74.54,36,38.54,0,3.92
2024-04-14,SKU007,Device A,Devices,4,104.33,417.31,240,177.31,0,
2024-04-14,SKU008,Device B,Devices,1,117.6,117.6,70,47.6,0,3.08
2024-04-15,SKU001,Widget A,Widgets,3,17.72,53.15,30,23.15,0,
2024-04-15,SKU002,Widget B,Widgets,2,24.08,48.16,24,24.16,0,
2024-04-15,SKU003,Gadget A,Gadgets,2,47.76,95.51,60,35.51,0,
2024-04-15,SKU004,Gadget B,Gadgets,8,57.28,458.24,280,178.24,2,4.0
2024-04-15,SKU005,Accessory A,Accessories,6,14.5,87.03,42,45.03,0,3.99
2024-04-15,SKU006,Accessory B,Accessories,0,18.18,0.0,0,0.0,0,
2024-04-15,SKU007,Device A,Devices,1,92.26,92.26,60,32.26,0,3.6
2024-04-15,SKU008,Device B,Devices,3,112.68,338.03,210,128.03,0,3.94
2024-04-16,SKU001,Widget A,Widgets,7,19.09,133.62,70,63.62,1,3.83
2024-04-16,SKU002,Widget B,Widgets,7,22.32,156.26,84,72.26,0,4.28
2024-04-16,SKU003,Gadget A,Gadgets,1,52.13,52.13,30,22.13,0,3.38
2024-04-16,SKU004,Gadget B,Gadgets,5,58.16,290.78,175,115.78,0,4.2
2024-04-16,SKU005,Accessory A,Accessories,6,15.54,93.26,42,51.26,0,4.1
2024-04-16,SKU006,Accessory B,Accessories,5,17.71,88.53,45,43.53,0,
2024-04-16,SKU007,Device A,Devices,1,86.03,86.03,60,26.03,0,
2024-04-16,SKU008,Device B,Devices,4,115.99,463.95,280,183.95,0,3.94
2024-04-17,SKU001,Widget A,Widgets,6,21.0,125.99,60,65.99,0,3.65
2024-04-17,SKU002,Widget B,Widgets,9,23.92,215.31,108,107.31,0,4.09
2024-04-17,SKU003,Gadget A,Gadgets,5,52.23,261.13,150,111.13,0,4.5
2024-04-17,SKU004,Gadget B,Gadgets,6,62.22,373.31,210,163.31,0,3.71
2024-04-17,SKU005,Accessory A,Accessories,3,14.48,43.43,21,22.43,0,4.14
2024-04-17,SKU006,Accessory B,Accessories,5,18.32,91.61,45,46.61,0,3.65
2024-04-17,SKU007,Device A,Devices,4,102.89,411.55,240,171.55,0,
2024-04-17,SKU008,Device B,Devices,2,125.64,251.28,140,111.28,1,
2024-04-18,SKU001,Widget A,Widgets,2,19.14,38.29,20,18.29,0,
2024-04-18,SKU002,Widget B,Widgets,10,20.64,206.42,120,86.42,0,3.71
2024-04-18,SKU003,Gadget A,Gadgets,0,44.37,0.0,0,0.0,0,
2024-04-18,SKU004,Gadget B,Gadgets,1,54.59,54.59,35,19.59,0,3.45
2024-04-18,SKU005,Accessory A,Accessories,5,14.47,72.33,35,37.33,0,
2024-04-18,SKU006,Accessory B,Accessories,3,18.0,54.01,27,27.01,0,4.09
2024-04-18,SKU007,Device A,Devices,4,99.64,398.57,240,158.57,0,
2024-04-18,SKU008,Device B,Devices,5,118.91,594.53,350,244.53,0,3.36
2024-04-19,SKU001,Widget A,Widgets,6,19.25,115.52,60,55.52,0,3.85
2024-04-19,SKU002,Widget B,Widgets,7,20.63,144.4,84,60.4,0,
2024-04-19,SKU003,Gadget A,Gadgets,1,51.79,51.79,30,21.79,0,
2024-04-19,SKU004,Gadget B,Gadgets,6,60.8,364.83,210,154.83,0,
2024-04-19,SKU005,Accessory A,Accessories,0,14.42,0.0,0,0.0,0,
2024-04-19,SKU006,Accessory B,Accessories,3,18.64,55.93,27,28.93,0,3.81
2024-04-19,SKU007,Device A,Devices,1,77.46,77.46,60,17.46,0,3.34
2024-04-19,SKU008,Device B,Devices,1,125.92,125.92,70,55.92,1,
2024-04-20,SKU001,Widget A,Widgets,2,16.71,33.41,20,13.41,0,
2024-04-20,SKU002,Widget B,Widgets,9,21.75,195.71,108,87.71,0,4.25
2024-04-20,SKU003,Gadget A,Gadgets,5,46.71,233.57,150,83.57,1,2.7
2024-04-20,SKU004,Gadget B,Gadgets,2,56.37,112.74,70,42.74,0,
2024-04-20,SKU005,Accessory A,Accessories,0,15.19,0.0,0,0.0,0,
2024-04-20,SKU006,Accessory B,Accessories,10,17.1,171.0,90,81.0,0,3.64
2024-04-20,SKU007,Device A,Devices,0,91.73,0.0,0,0.0,0,
2024-04-20,SKU008,Device B,Devices,0,97.74,0.0,0,0.0,0,
2024-04-21,SKU001,Widget A,Widgets,5,18.19,90.93,50,40.93,1,3.71
2024-04-21,SKU002,Widget B,Widgets,3,24.35,73.04,36,37.04,0,
2024-04-21,SKU003,Gadget A,Gadgets,3,47.95,143.86,90,53.86,0,
2024-04-21,SKU004,Gadget B,Gadgets,7,61.17,428.16,245,183.16,0,4.0
2024-04-21,SKU005,Accessory A,Accessories,2,14.83,29.66,14,15.66,0,
2024-04-21,SKU006,Accessory B,Accessories,3,17.29,51.88,27,24.88,0,4.31
2024-04-21,SKU007,Device A,Devices,1,76.3,76.3,60,16.3,1,
2024-04-21,SKU008,Device B,Devices,4,123.28,493.14,280,213.14,0,4.12
2024-04-22,SKU001,Widget A,Widgets,7,20.51,143.6,70,73.6,0,4.4
2024-04-22,SKU002,Widget B,Widgets,6,20.62,123.7,72,51.7,0,3.79
2024-04-22,SKU003,Gadget A,Gadgets,7,49.58,347.03,210,137.03,0,4.02
2024-04-22,SKU004,Gadget B,Gadgets,1,58.73,58.73,35,23.73,0,
2024-04-22,SKU005,Accessory A,Accessories,3,13.66,40.97,21,19.97,1,3.67
2024-04-22,SKU006,Accessory B,Accessories,4,17.58,70.33,36,34.33,1,4.85
2024-04-22,SKU007,Device A,Devices,5,87.92,439.62,300,139.62,2,3.43
2024-04-22,SKU008,Device B,Devices,0,123.15,0.0,0,0.0,0,
2024-04-23,SKU001,Widget A,Widgets,7,19.03,133.21,70,63.21,0,3.66
2024-04-23,SKU002,Widget B,Widgets,3,24.13,72.4,36,36.4,0,
2024-04-23,SKU003,Gadget A,Gadgets,5,42.93,214.63,150,64.63,1,4.39
2024-04-23,SKU004,Gadget B,Gadgets,3,61.28,183.85,105,78.85,0,4.91
2024-04-23,SKU005,Accessory A,Accessories,5,15.27,76.35,35,41.35,0,3.61
2024-04-23,SKU006,Accessory B,Accessories,4,18.88,75.54,36,39.54,0,
2024-04-23,SKU007,Device A,Devices,0,96.96,0.0,0,0.0,0,
2024-04-23,SKU008,Device B,Devices,3,117.26,351.77,210,141.77,0,3.92
2024-04-24,SKU001,Widget A,Widgets,8,19.07,152.53,80,72.53,0,4.12
2024-04-24,SKU002,Widget B,Widgets,8,25.28,202.21,96,106.21,0,3.95
2024-04-24,SKU003,Gadget A,Gadgets,1,49.55,49.55,30,19.55,1,
2024-04-24,SKU004,Gadget B,Gadgets,3,62.67,188.0,105,83.0,0,4.61
2024-04-24,SKU005,Accessory A,Accessories,6,14.57,87.44,42,45.44,0,3.75
2024-04-24,SKU006,Accessory B,Accessories,8,17.44,139.51,72,67.51,0,3.87
2024-04-24,SKU007,Device A,Devices,2,101.56,203.12,120,83.12,0,
2024-04-24,SKU008,Device B,Devices,1,110.96,110.96,70,40.96,0,
2024-04-25,SKU001,Widget A,Widgets,4,20.68,82.73,40,42.73,0,4.29
2024-04-25,SKU002,Widget B,Widgets,7,24.26,169.85,84,85.85,1,4.17
2024-04-25,SKU003,Gadget A,Gadgets,5,51.22,256.09,150,106.09,0,4.47
2024-04-25,SKU004,Gadget B,Gadgets,5,46.29,231.43,175,56.43,0,4.61
2024-04-25,SKU005,Accessory A,Accessories,5,13.58,67.92,35,32.92,0,3.62
2024-04-25,SKU006,Accessory B,Accessories,4,18.9,75.59,36,39.59,1,4.67
2024-04-25,SKU007,Device A,Devices,2,99.25,198.5,120,78.5,0,3.61
2024-04-25,SKU008,Device B,Devices,3,117.96,353.89,210,143.89,0,
2024-04-26,SKU001,Widget A,Widgets,5,20.48,102.39,50,52.39,0,3.22
2024-04-26,SKU002,Widget B,Widgets,3,20.31,60.93,36,24.93,1,4.15
2024-04-26,SKU003,Gadget A,Gadgets,5,44.2,220.98,150,70.98,0,3.85
2024-04-26,SKU004,Gadget B,Gadgets,2,57.08,114.15,70,44.15,0,4.33
2024-04-26,SKU005,Accessory A,Accessories,3,14.63,43.9,21,22.9,0,
2024-04-26,SKU006,Accessory B,Accessories,3,18.32,54.97,27,27.97,0,
2024-04-26,SKU007,Device A,Devices,3,103.81,311.44,180,131.44,0,4.39
2024-04-26,SKU008,Device B,Devices,2,115.56,231.12,140,91.12,1,4.15
2024-04-27,SKU001,Widget A,Widgets,3,18.75,56.24,30,26.24,0,3.5
2024-04-27,SKU002,Widget B,Widgets,7,24.85,173.92,84,89.92,0,3.11
2024-04-27,SKU003,Gadget A,Gadgets,6,48.89,293.36,180,113.36,0,
2024-04-27,SKU004,Gadget B,Gadgets,5,59.15,295.76,175,120.76,1,4.59
2024-04-27,SKU005,Accessory A,Accessories,8,14.5,115.99,56,59.99,1,3.41
2024-04-27,SKU006,Accessory B,Accessories,4,18.53,74.12,36,38.12,0,3.1
2024-04-27,SKU007,Device A,Devices,3,95.94,287.83,180,107.83,0,4.07
2024-04-27,SKU008,Device B,Devices,4,120.26,481.02,280,201.02,0,4.39
2024-04-28,SKU001,Widget A,Widgets,9,20.51,184.58,90,94.58,1,3.85
2024-04-28,SKU002,Widget B,Widgets,3,25.61,76.83,36,40.83,0,
2024-04-28,SKU003,Gadget A,Gadgets,7,48.59,340.12,210,130.12,0,3.12
2024-04-28,SKU004,Gadget B,Gadgets,6,52.64,315.85,210,105.85,0,3.79
2024-04-28,SKU005,Accessory A,Accessories,1,15.51,15.51,7,8.51,0,
2024-04-28,SKU006,Accessory B,Accessories,7,18.39,128.74,63,65.74,0,2.53
2024-04-28,SKU007,Device A,Devices,5,100.43,502.14,300,202.14,0,
2024-04-28,SKU008,Device B,Devices,3,125.46,376.39,210,166.39,0,3.94
2024-04-29,SKU001,Widget A,Widgets,3,18.58,55.75,30,25.75,0,3.33
2024-04-29,SKU002,Widget B,Widgets,2,25.73,51.46,24,27.46,0,
2024-04-29,SKU003,Gadget A,Gadgets,3,47.62,142.85,90,52.85,0,
2024-04-29,SKU004,Gadget B,Gadgets,2,60.94,121.88,70,51.88,0,
2024-04-29,SKU005,Accessory A,Accessories,7,14.59,102.11,49,53.11,0,4.04
2024-04-29,SKU006,Accessory B,Accessories,6,18.3,109.78,54,55.78,0,4.14
2024-04-29,SKU007,Device A,Devices,3,90.48,271.43,180,91.43,0,
2024-04-29,SKU008,Device B,Devices,4,94.8,379.2,280,99.2,0,4.1
2024-04-30,SKU001,Widget A,Widgets,11,20.74,228.16,110,118.16,0,4.48
2024-04-30,SKU002,Widget B,Widgets,6,24.46,146.74,72,74.74,0,4.53
2024-04-30,SKU003,Gadget A,Gadgets,4,51.03,204.13,120,84.13,0,
2024-04-30,SKU004,Gadget B,Gadgets,6,49.0,294.01,210,84.01,0,
2024-04-30,SKU005,Accessory A,Accessories,3,13.29,39.87,21,18.87,0,3.86
2024-04-30,SKU006,Accessory B,Accessories,5,15.99,79.94,45,34.94,0,4.06
2024-04-30,SKU007,Device A,Devices,4,80.66,322.63,240,82.63,1,3.53
2024-04-30,SKU008,Device B,Devices,0,122.09,0.0,0,0.0,0,
2024-05-01,SKU001,Widget A,Widgets,9,20.96,188.66,90,98.66,0,3.88
2024-05-01,SKU002,Widget B,Widgets,8,21.78,174.26,96,78.26,0,4.21
2024-05-01,SKU003,Gadget A,Gadgets,3,52.03,156.1,90,66.1,0,
2024-05-01,SKU004,Gadget B,Gadgets,4,56.54,226.14,140,86.14,0,
2024-05-01,SKU005,Accessory A,Accessories,4,15.69,62.75,28,34.75,0,
2024-05-01,SKU006,Accessory B,Accessories,1,18.12,18.12,9,9.12,0,
2024-05-01,SKU007,Device A,Devices,2,104.95,209.9,120,89.9,0,4.22
2024-05-01,SKU008,Device B,Devices,0,118.21,0.0,0,0.0,0,
2024-05-02,SKU001,Widget A,Widgets,2,17.35,34.7,20,14.7,0,3.82
2024-05-02,SKU002,Widget B,Widgets,5,25.85,129.27,60,69.27,0,3.81
2024-05-02,SKU003,Gadget A,Gadgets,6,50.29,301.76,180,121.76,1,4.22
2024-05-02,SKU004,Gadget B,Gadgets,6,62.56,375.35,210,165.35,0,4.57
2024-05-02,SKU005,Accessory A,Accessories,6,14.41,86.48,42,44.48,0,
2024-05-02,SKU006,Accessory B,Accessories,4,18.86,75.42,36,39.42,0,4.57
2024-05-02,SKU007,Device A,Devices,3,97.11,291.34,180,111.34,0,
2024-05-02,SKU008,Device B,Devices,2,120.97,241.95,140,101.95,1,
2024-05-03,SKU001,Widget A,Widgets,7,20.38,142.67,70,72.67,1,
2024-05-03,SKU002,Widget B,Widgets,7,25.12,175.86,84,91.86,0,3.58
2024-05-03,SKU003,Gadget A,Gadgets,5,46.94,234.72,150,84.72,0,4.3
2024-05-03,SKU004,Gadget B,Gadgets,1,62.33,62.33,35,27.33,0,
2024-05-03,SKU005,Accessory A,Accessories,3,14.69,44.08,21,23.08,0,
2024-05-03,SKU006,Accessory B,Accessories,7,17.66,123.59,63,60.59,0,3.4
2024-05-03,SKU007,Device A,Devices,1,95.36,95.36,60,35.36,1,3.59
2024-05-03,SKU008,Device B,Devices,1,115.97,115.97,70,45.97,0,3.74
2024-05-04,SKU001,Widget A,Widgets,7,20.47,143.26,70,73.26,0,3.79
2024-05-04,SKU002,Widget B,Widgets,2,21.5,43.0,24,19.0,0,
2024-05-04,SKU003,Gadget A,Gadgets,4,50.75,202.98,120,82.98,1,
2024-05-04,SKU004,Gadget B,Gadgets,2,62.5,125.01,70,55.01,1,4.26
2024-05-04,SKU005,Accessory A,Accessories,5,13.22,66.09,35,31.09,1,4.23
2024-05-04,SKU006,Accessory B,Accessories,8,15.67,125.35,72,53.35,0,4.3
2024-05-04,SKU007,Device A,Devices,3,96.55,289.66,180,109.66,0,
2024-05-04,SKU008,Device B,Devices,1,122.23,122.23,70,52.23,0,
2024-05-05,SKU001,Widget A,Widgets,8,19.89,159.13,80,79.13,1,4.16
2024-05-05,SKU002,Widget B,Widgets,3,22.62,67.85,36,31.85,0,3.84
2024-05-05,SKU003,Gadget A,Gadgets,3,51.79,155.36,90,65.36,0,3.78
2024-05-05,SKU004,Gadget B,Gadgets,4,61.8,247.2,140,107.2,0,4.52
2024-05-05,SKU005,Accessory A,Accessories,6,15.47,92.8,42,50.8,0,3.65
2024-05-05,SKU006,Accessory B,Accessories,2,18.1,36.2,18,18.2,0,
2024-05-05,SKU007,Device A,Devices,2,90.24,180.48,120,60.48,0,4.3
2024-05-05,SKU008,Device B,Devices,1,123.2,123.2,70,53.2,0,
2024-05-06,SKU001,Widget A,Widgets,2,19.84,39.69,20,19.69,0,
2024-05-06,SKU002,Widget B,Widgets,4,24.12,96.48,48,48.48,0,4.92
2024-05-06,SKU003,Gadget A,Gadgets,4,47.59,190.36,120,70.36,0,4.2
2024-05-06,SKU004,Gadget B,Gadgets,2,56.69,113.38,70,43.38,0,
2024-05-06,SKU005,Accessory A,Accessories,8,15.09,120.69,56,64.69,1,4.12
2024-05-06,SKU006,Accessory B,Accessories,2,18.34,36.68,18,18.68,0,4.34
2024-05-06,SKU007,Device A,Devices,1,97.87,97.87,60,37.87,1,
2024-05-06,SKU008,Device B,Devices,2,111.77,223.55,140,83.55,0,
2024-05-07,SKU001,Widget A,Widgets,6,19.17,115.03,60,55.03,1,4.6
2024-05-07,SKU002,Widget B,Widgets,6,25.71,154.28,72,82.28,0,4.86
2024-05-07,SKU003,Gadget A,Gadgets,1,48.61,48.61,30,18.61,0,3.52
2024-05-07,SKU004,Gadget B,Gadgets,7,60.94,426.59,245,181.59,0,
2024-05-07,SKU005,Accessory A,Accessories,4,14.62,58.49,28,30.49,0,3.64
2024-05-07,SKU006,Accessory B,Accessories,1,17.2,17.2,9,8.2,0,3.99
2024-05-07,SKU007,Device A,Devices,7,104.96,734.69,420,314.69,0,3.46
2024-05-07,SKU008,Device B,Devices,2,123.15,246.29,140,106.29,1,4.13
2024-05-08,SKU001,Widget A,Widgets,4,17.12,68.47,40,28.47,0,
2024-05-08,SKU002,Widget B,Widgets,5,26.18,130.92,60,70.92,0,3.03
2024-05-08,SKU003,Gadget A,Gadgets,2,52.46,104.93,60,44.93,1,3.18
2024-05-08,SKU004,Gadget B,Gadgets,3,57.79,173.36,105,68.36,0,
2024-05-08,SKU005,Accessory A,Accessories,3,12.92,38.77,21,17.77,1,3.33
2024-05-08,SKU006,Accessory B,Accessories,8,18.69,149.5,72,77.5,0,
2024-05-08,SKU007,Device A,Devices,4,96.03,384.14,240,144.14,0,
2024-05-08,SKU008,Device B,Devices,3,108.57,325.72,210,115.72,0,4.45
2024-05-09,SKU001,Widget A,Widgets,6,17.35,104.1,60,44.1,0,3.94
2024-05-09,SKU002,Widget B,Widgets,6,25.9,155.42,72,83.42,0,3.56
2024-05-09,SKU003,Gadget A,Gadgets,7,40.83,285.8,210,75.8,0,3.55
2024-05-09,SKU004,Gadget B,Gadgets,3,50.07,150.2,105,45.2,0,4.3
2024-05-09,SKU005,Accessory A,Accessories,1,14.42,14.42,7,7.42,0,
2024-05-09,SKU006,Accessory B,Accessories,2,17.31,34.63,18,16.63,0,4.23
2024-05-09,SKU007,Device A,Devices,3,101.52,304.56,180,124.56,1,
2024-05-09,SKU008,Device B,Devices,5,116.5,582.52,350,232.52,1,
2024-05-10,SKU001,Widget A,Widgets,6,19.03,114.19,60,54.19,1,3.8
2024-05-10,SKU002,Widget B,Widgets,4,25.32,101.27,48,53.27,0,3.86
2024-05-10,SKU003,Gadget A,Gadgets,5,44.58,222.89,150,72.89,0,4.11
2024-05-10,SKU004,Gadget B,Gadgets,3,60.56,181.67,105,76.67,0,
2024-05-10,SKU005,Accessory A,Accessories,5,15.06,75.31,35,40.31,1,4.29
2024-05-10,SKU006,Accessory B,Accessories,9,15.57,140.12,81,59.12,1,3.36
2024-05-10,SKU007,Device A,Devices,0,76.25,0.0,0,0.0,0,
2024-05-10,SKU008,Device B,Devices,3,122.29,366.86,210,156.86,0,
2024-05-11,SKU001,Widget A,Widgets,5,20.14,100.68,50,50.68,0,4.56
2024-05-11,SKU002,Widget B,Widgets,5,25.64,128.21,60,68.21,0,
2024-05-11,SKU003,Gadget A,Gadgets,1,49.86,49.86,30,19.86,0,4.73
2024-05-11,SKU004,Gadget B,Gadgets,5,58.55,292.74,175,117.74,0,3.93
2024-05-11,SKU005,Accessory A,Accessories,4,15.47,61.88,28,33.88,0,3.65
2024-05-11,SKU006,Accessory B,Accessories,7,18.83,131.78,63,68.78,0,
2024-05-11,SKU007,Device A,Devices,0,99.89,0.0,0,0.0,0,
2024-05-11,SKU008,Device B,Devices,5,114.02,570.1,350,220.1,0,
2024-05-12,SKU001,Widget A,Widgets,11,19.2,211.15,110,101.15,1,4.33
2024-05-12,SKU002,Widget B,Widgets,5,24.18,120.9,60,60.9,0,
2024-05-12,SKU003,Gadget A,Gadgets,3,45.61,136.84,90,46.84,0,4.74
2024-05-12,SKU004,Gadget B,Gadgets,3,57.39,172.17,105,67.17,0,
2024-05-12,SKU005,Accessory A,Accessories,3,14.96,44.89,21,23.89,0,
2024-05-12,SKU006,Accessory B,Accessories,2,18.28,36.55,18,18.55,0,
2024-05-12,SKU007,Device A,Devices,1,95.22,95.22,60,35.22,0,
2024-05-12,SKU008,Device B,Devices,4,115.59,462.35,280,182.35,0,3.42
2024-05-13,SKU001,Widget A,Widgets,4,19.37,77.49,40,37.49,0,
2024-05-13,SKU002,Widget B,Widgets,10,26.22,262.23,120,142.23,1,4.1
2024-05-13,SKU003,Gadget A,Gadgets,2,47.69,95.38,60,35.38,0,
2024-05-13,SKU004,Gadget B,Gadgets,0,61.84,0.0,0,0.0,0,
2024-05-13,SKU005,Accessory A,Accessories,8,15.68,125.41,56,69.41,0,4.8
2024-05-13,SKU006,Accessory B,Accessories,2,14.97,29.94,18,11.94,0,4.36
2024-05-13,SKU007,Device A,Devices,2,103.31,206.62,120,86.62,0,
2024-05-13,SKU008,Device B,Devices,3,94.77,284.32,210,74.32,0,
2024-05-14,SKU001,Widget A,Widgets,5,15.74,78.72,50,28.72,0,
2024-05-14,SKU002,Widget B,Widgets,8,25.15,201.24,96,105.24,0,3.71
2024-05-14,SKU003,Gadget A,Gadgets,4,51.08,204.31,120,84.31,0,4.39
2024-05-14,SKU004,Gadget B,Gadgets,2,62.31,124.62,70,54.62,0,3.78
2024-05-14,SKU005,Accessory A,Accessories,7,14.77,103.4,49,54.4,0,4.36
2024-05-14,SKU006,Accessory B,Accessories,4,17.85,71.4,36,35.4,0,3.92
2024-05-14,SKU007,Device A,Devices,2,99.99,199.97,120,79.97,0,4.26
2024-05-14,SKU008,Device B,Devices,2,99.74,199.47,140,59.47,0,4.85
2024-05-15,SKU001,Widget A,Widgets,6,19.93,119.55,60,59.55,0,3.95
2024-05-15,SKU002,Widget B,Widgets,10,25.67,256.7,120,136.7,1,4.29
2024-05-15,SKU003,Gadget A,Gadgets,5,48.88,244.42,150,94.42,1,4.2
2024-05-15,SKU004,Gadget B,Gadgets,3,60.83,182.5,105,77.5,0,4.14
2024-05-15,SKU005,Accessory A,Accessories,8,15.73,125.81,56,69.81,1,4.13
2024-05-15,SKU006,Accessory B,Accessories,4,17.43,69.74,36,33.74,0,3.98
2024-05-15,SKU007,Device A,Devices,3,87.22,261.65,180,81.65,0,
2024-05-15,SKU008,Device B,Devices,1,125.93,125.93,70,55.93,0,
2024-05-16,SKU001,Widget A,Widgets,5,19.11,95.53,50,45.53,0,
2024-05-16,SKU002,Widget B,Widgets,6,23.29,139.76,72,67.76,0,3.88
2024-05-16,SKU003,Gadget A,Gadgets,6,49.67,298.01,180,118.01,0,3.95
2024-05-16,SKU004,Gadget B,Gadgets,4,62.31,249.22,140,109.22,0,4.1
2024-05-16,SKU005,Accessory A,Accessories,4,13.82,55.29,28,27.29,1,4.3
2024-05-16,SKU006,Accessory B,Accessories,5,18.61,93.03,45,48.03,0,3.94
2024-05-16,SKU007,Device A,Devices,3,100.9,302.7,180,122.7,0,4.01
2024-05-16,SKU008,Device B,Devices,0,117.34,0.0,0,0.0,0,
2024-05-17,SKU001,Widget A,Widgets,8,19.87,158.95,80,78.95,0,3.44
2024-05-17,SKU002,Widget B,Widgets,10,25.9,259.05,120,139.05,1,4.41
2024-05-17,SKU003,Gadget A,Gadgets,2,48.47,96.94,60,36.94,0,3.21
2024-05-17,SKU004,Gadget B,Gadgets,2,52.38,104.76,70,34.76,0,5.0
2024-05-17,SKU005,Accessory A,Accessories,5,14.35,71.76,35,36.76,0,4.08
2024-05-17,SKU006,Accessory B,Accessories,1,18.56,18.56,9,9.56,0,
2024-05-17,SKU007,Device A,Devices,3,102.81,308.42,180,128.42,0,4.25
2024-05-17,SKU008,Device B,Devices,4,119.19,476.77,280,196.77,0,3.67
2024-05-18,SKU001,Widget A,Widgets,7,21.0,146.98,70,76.98,0,3.73
2024-05-18,SKU002,Widget B,Widgets,10,25.69,256.9,120,136.9,0,3.6
2024-05-18,SKU003,Gadget A,Gadgets,5,51.47,257.33,150,107.33,1,4.05
2024-05-18,SKU004,Gadget B,Gadgets,3,57.5,172.5,105,67.5,0,3.63
2024-05-18,SKU005,Accessory A,Accessories,1,11.96,11.96,7,4.96,0,
2024-05-18,SKU006,Accessory B,Accessories,3,15.88,47.65,27,20.65,0,4.28
2024-05-18,SKU007,Device A,Devices,3,103.69,311.07,180,131.07,0,4.25
2024-05-18,SKU008,Device B,Devices,2,119.95,239.9,140,99.9,0,3.96
2024-05-19,SKU001,Widget A,Widgets,4,19.18,76.74,40,36.74,0,
2024-05-19,SKU002,Widget B,Widgets,5,23.82,119.1,60,59.1,0,4.46
2024-05-19,SKU003,Gadget A,Gadgets,3,48.0,144.0,90,54.0,0,
2024-05-19,SKU004,Gadget B,Gadgets,4,60.35,241.42,140,101.42,0,
2024-05-19,SKU005,Accessory A,Accessories,2,14.02,28.03,14,14.03,0,
2024-05-19,SKU006,Accessory B,Accessories,3,16.48,49.43,27,22.43,1,
2024-05-19,SKU007,Device A,Devices,1,101.1,101.1,60,41.1,0,
2024-05-19,SKU008,Device B,Devices,4,115.32,461.3,280,181.3,0,
2024-05-20,SKU001,Widget A,Widgets,11,18.82,207.0,110,97.0,1,3.45
2024-05-20,SKU002,Widget B,Widgets,3,25.2,75.61,36,39.61,0,4.29
2024-05-20,SKU003,Gadget A,Gadgets,4,48.38,193.52,120,73.52,0,4.93
2024-05-20,SKU004,Gadget B,Gadgets,3,58.46,175.37,105,70.37,0,3.17
2024-05-20,SKU005,Accessory A,Accessories,5,15.4,76.98,35,41.98,1,
2024-05-20,SKU006,Accessory B,Accessories,4,16.91,67.64,36,31.64,2,4.62
2024-05-20,SKU007,Device A,Devices,4,98.76,395.03,240,155.03,0,4.01
2024-05-20,SKU008,Device B,Devices,2,105.42,210.83,140,70.83,0,
2024-05-21,SKU001,Widget A,Widgets,6,18.26,109.53,60,49.53,0,4.28
2024-05-21,SKU002,Widget B,Widgets,1,24.66,24.66,12,12.66,0,
2024-05-21,SKU003,Gadget A,Gadgets,7,51.21,358.47,210,148.47,1,4.0
2024-05-21,SKU004,Gadget B,Gadgets,4,60.62,242.49,140,102.49,0,
2024-05-21,SKU005,Accessory A,Accessories,2,15.42,30.85,14,16.85,0,
2024-05-21,SKU006,Accessory B,Accessories,6,16.34,98.04,54,44.04,1,
2024-05-21,SKU007,Device A,Devices,1,98.94,98.94,60,38.94,0,
2024-05-21,SKU008,Device B,Devices,3,114.15,342.44,210,132.44,1,
2024-05-22,SKU001,Widget A,Widgets,6,20.69,124.12,60,64.12,0,3.51
2024-05-22,SKU002,Widget B,Widgets,7,22.1,154.7,84,70.7,0,4.29
2024-05-22,SKU003,Gadget A,Gadgets,5,51.51,257.56,150,107.56,0,
2024-05-22,SKU004,Gadget B,Gadgets,4,58.86,235.44,140,95.44,0,4.57
2024-05-22,SKU005,Accessory A,Accessories,4,15.31,61.26,28,33.26,0,
2024-05-22,SKU006,Accessory B,Accessories,6,17.16,102.98,54,48.98,0,
2024-05-22,SKU007,Device A,Devices,3,99.68,299.03,180,119.03,0,2.9
2024-05-22,SKU008,Device B,Devices,4,120.58,482.3,280,202.3,0,
2024-05-23,SKU001,Widget A,Widgets,8,19.16,153.32,80,73.32,1,4.04
2024-05-23,SKU002,Widget B,Widgets,6,24.73,148.35,72,76.35,1,4.03
2024-05-23,SKU003,Gadget A,Gadgets,6,51.39,308.34,180,128.34,1,3.79
2024-05-23,SKU004,Gadget B,Gadgets,1,47.35,47.35,35,12.35,0,4.71
2024-05-23,SKU005,Accessory A,Accessories,4,15.6,62.41,28,34.41,0,3.22
2024-05-23,SKU006,Accessory B,Accessories,4,17.14,68.56,36,32.56,0,
2024-05-23,SKU007,Device A,Devices,2,93.78,187.56,120,67.56,1,
2024-05-23,SKU008,Device B,Devices,1,116.8,116.8,70,46.8,0,
2024-05-24,SKU001,Widget A,Widgets,10,20.1,201.02,100,101.02,0,4.82
2024-05-24,SKU002,Widget B,Widgets,6,26.17,157.0,72,85.0,0,4.24
2024-05-24,SKU003,Gadget A,Gadgets,5,44.14,220.7,150,70.7,4,4.25
2024-05-24,SKU004,Gadget B,Gadgets,7,59.79,418.52,245,173.52,0,
2024-05-24,SKU005,Accessory A,Accessories,9,14.29,128.6,63,65.6,0,3.9
2024-05-24,SKU006,Accessory B,Accessories,3,16.27,48.82,27,21.82,0,4.92
2024-05-24,SKU007,Device A,Devices,3,104.15,312.44,180,132.44,0,4.44
2024-05-24,SKU008,Device B,Devices,1,104.51,104.51,70,34.51,0,
2024-05-25,SKU001,Widget A,Widgets,7,19.06,133.4,70,63.4,0,
2024-05-25,SKU002,Widget B,Widgets,5,21.42,107.1,60,47.1,0,3.8
2024-05-25,SKU003,Gadget A,Gadgets,6,48.79,292.71,180,112.71,0,4.45
2024-05-25,SKU004,Gadget B,Gadgets,6,57.64,345.85,210,135.85,0,3.86
2024-05-25,SKU005,Accessory A,Accessories,4,15.6,62.39,28,34.39,1,4.27
2024-05-25,SKU006,Accessory B,Accessories,5,18.56,92.8,45,47.8,0,
2024-05-25,SKU007,Device A,Devices,1,99.94,99.94,60,39.94,0,
2024-05-25,SKU008,Device B,Devices,0,112.17,0.0,0,0.0,0,
2024-05-26,SKU001,Widget A,Widgets,2,19.75,39.49,20,19.49,0,4.21
2024-05-26,SKU002,Widget B,Widgets,4,25.58,102.31,48,54.31,0,3.8
2024-05-26,SKU003,Gadget A,Gadgets,1,51.11,51.11,30,21.11,0,
2024-05-26,SKU004,Gadget B,Gadgets,3,53.78,161.33,105,56.33,0,4.02
2024-05-26,SKU005,Accessory A,Accessories,5,14.3,71.51,35,36.51,0,3.84
2024-05-26,SKU006,Accessory B,Accessories,4,18.78,75.12,36,39.12,1,3.67
2024-05-26,SKU007,Device A,Devices,2,98.25,196.5,120,76.5,0,
2024-05-26,SKU008,Device B,Devices,1,116.96,116.96,70,46.96,0,3.08
2024-05-27,SKU001,Widget A,Widgets,6,17.38,104.27,60,44.27,1,3.95
2024-05-27,SKU002,Widget B,Widgets,2,24.18,48.36,24,24.36,0,4.37
2024-05-27,SKU003,Gadget A,Gadgets,2,49.96,99.91,60,39.91,0,3.25
2024-05-27,SKU004,Gadget B,Gadgets,4,61.75,246.99,140,106.99,0,
2024-05-27,SKU005,Accessory A,Accessories,6,13.52,81.09,42,39.09,0,4.27
2024-05-27,SKU006,Accessory B,Accessories,7,18.06,126.4,63,63.4,1,4.97
2024-05-27,SKU007,Device A,Devices,1,99.72,99.72,60,39.72,0,3.57
2024-05-27,SKU008,Device B,Devices,1,118.7,118.7,70,48.7,1,
2024-05-28,SKU001,Widget A,Widgets,12,17.93,215.13,120,95.13,0,4.13
2024-05-28,SKU002,Widget B,Widgets,9,24.07,216.63,108,108.63,0,3.71
2024-05-28,SKU003,Gadget A,Gadgets,1,50.36,50.36,30,20.36,1,3.86
2024-05-28,SKU004,Gadget B,Gadgets,2,62.94,125.89,70,55.89,0,4.35
2024-05-28,SKU005,Accessory A,Accessories,8,14.28,114.21,56,58.21,1,3.57
2024-05-28,SKU006,Accessory B,Accessories,8,18.01,144.1,72,72.1,0,3.6
2024-05-28,SKU007,Device A,Devices,3,101.97,305.91,180,125.91,1,3.82
2024-05-28,SKU008,Device B,Devices,2,117.03,234.06,140,94.06,0,3.16
2024-05-29,SKU001,Widget A,Widgets,7,18.9,132.27,70,62.27,0,3.0
2024-05-29,SKU002,Widget B,Widgets,9,26.08,234.72,108,126.72,0,4.06
2024-05-29,SKU003,Gadget A,Gadgets,2,48.16,96.31,60,36.31,0,3.44
2024-05-29,SKU004,Gadget B,Gadgets,5,58.82,294.08,175,119.08,0,4.69
2024-05-29,SKU005,Accessory A,Accessories,2,14.33,28.65,14,14.65,0,5.0
2024-05-29,SKU006,Accessory B,Accessories,6,17.42,104.51,54,50.51,0,3.68
2024-05-29,SKU007,Device A,Devices,3,90.02,270.07,180,90.07,0,3.06
2024-05-29,SKU008,Device B,Devices,2,118.98,237.96,140,97.96,0,3.56
2024-05-30,SKU001,Widget A,Widgets,10,20.41,204.14,100,104.14,2,4.07
2024-05-30,SKU002,Widget B,Widgets,3,25.64,76.92,36,40.92,0,4.01
2024-05-30,SKU003,Gadget A,Gadgets,4,50.77,203.09,120,83.09,0,3.28
2024-05-30,SKU004,Gadget B,Gadgets,2,51.7,103.39,70,33.39,0,
2024-05-30,SKU005,Accessory A,Accessories,2,14.77,29.54,14,15.54,0,
2024-05-30,SKU006,Accessory B,Accessories,5,17.92,89.58,45,44.58,1,3.99
2024-05-30,SKU007,Device A,Devices,5,80.89,404.45,300,104.45,0,3.95
2024-05-30,SKU008,Device B,Devices,3,117.49,352.47,210,142.47,0,
2024-05-31,SKU001,Widget A,Widgets,7,20.88,146.13,70,76.13,1,4.24
2024-05-31,SKU002,Widget B,Widgets,4,24.17,96.69,48,48.69,0,4.47
2024-05-31,SKU003,Gadget A,Gadgets,2,49.62,99.24,60,39.24,0,
2024-05-31,SKU004,Gadget B,Gadgets,6,59.37,356.22,210,146.22,0,
2024-05-31,SKU005,Accessory A,Accessories,4,15.17,60.67,28,32.67,0,3.75
2024-05-31,SKU006,Accessory B,Accessories,4,16.28,65.1,36,29.1,0,
2024-05-31,SKU007,Device A,Devices,3,99.39,298.17,180,118.17,0,
2024-05-31,SKU008,Device B,Devices,3,121.94,365.82,210,155.82,0,4.92
2024-06-01,SKU001,Widget A,Widgets,6,19.32,115.92,60,55.92,1,4.25
2024-06-01,SKU002,Widget B,Widgets,9,25.99,233.91,108,125.91,2,4.59
2024-06-01,SKU003,Gadget A,Gadgets,4,47.72,190.87,120,70.87,0,4.26
2024-06-01,SKU004,Gadget B,Gadgets,2,59.42,118.84,70,48.84,1,
2024-06-01,SKU005,Accessory A,Accessories,6,15.11,90.65,42,48.65,0,4.76
2024-06-01,SKU006,Accessory B,Accessories,6,18.19,109.15,54,55.15,0,
2024-06-01,SKU007,Device A,Devices,2,103.23,206.45,120,86.45,0,
2024-06-01,SKU008,Device B,Devices,3,114.37,343.1,210,133.1,0,
2024-06-02,SKU001,Widget A,Widgets,3,19.05,57.15,30,27.15,0,4.26
2024-06-02,SKU002,Widget B,Widgets,9,24.6,221.44,108,113.44,1,3.78
2024-06-02,SKU003,Gadget A,Gadgets,3,49.96,149.87,90,59.87,0,
2024-06-02,SKU004,Gadget B,Gadgets,4,51.6,206.4,140,66.4,0,4.37
2024-06-02,SKU005,Accessory A,Accessories,7,14.72,103.05,49,54.05,1,4.06
2024-06-02,SKU006,Accessory B,Accessories,6,18.03,108.18,54,54.18,1,4.39
2024-06-02,SKU007,Device A,Devices,1,91.01,91.01,60,31.01,0,
2024-06-02,SKU008,Device B,Devices,3,104.51,313.54,210,103.54,0,3.04
2024-06-03,SKU001,Widget A,Widgets,11,19.15,210.62,110,100.62,0,4.27
2024-06-03,SKU002,Widget B,Widgets,10,24.58,245.8,120,125.8,1,3.79
2024-06-03,SKU003,Gadget A,Gadgets,1,50.25,50.25,30,20.25,0,
2024-06-03,SKU004,Gadget B,Gadgets,5,56.19,280.97,175,105.97,0,4.14
2024-06-03,SKU005,Accessory A,Accessories,4,14.65,58.61,28,30.61,0,3.65
2024-06-03,SKU006,Accessory B,Accessories,3,16.23,48.7,27,21.7,0,
2024-06-03,SKU007,Device A,Devices,1,103.12,103.12,60,43.12,0,
2024-06-03,SKU008,Device B,Devices,2,120.27,240.55,140,100.55,0,3.76
2024-06-04,SKU001,Widget A,Widgets,7,20.8,145.57,70,75.57,0,
2024-06-04,SKU002,Widget B,Widgets,8,21.75,174.01,96,78.01,0,
2024-06-04,SKU003,Gadget A,Gadgets,3,49.77,149.3,90,59.3,0,3.48
2024-06-04,SKU004,Gadget B,Gadgets,2,62.22,124.44,70,54.44,0,3.79
2024-06-04,SKU005,Accessory A,Accessories,11,13.77,151.42,77,74.42,1,3.74
2024-06-04,SKU006,Accessory B,Accessories,4,17.67,70.68,36,34.68,0,
2024-06-04,SKU007,Device A,Devices,6,91.94,551.62,360,191.62,1,3.73
2024-06-04,SKU008,Device B,Devices,2,114.26,228.52,140,88.52,0,4.62
2024-06-05,SKU001,Widget A,Widgets,6,20.95,125.73,60,65.73,0,5.0
2024-06-05,SKU002,Widget B,Widgets,6,23.83,142.97,72,70.97,0,4.22
2024-06-05,SKU003,Gadget A,Gadgets,2,52.29,104.58,60,44.58,0,5.0
2024-06-05,SKU004,Gadget B,Gadgets,2,61.44,122.87,70,52.87,1,
2024-06-05,SKU005,Accessory A,Accessories,5,15.69,78.45,35,43.45,1,3.51
2024-06-05,SKU006,Accessory B,Accessories,4,18.41,73.63,36,37.63,1,4.21
2024-06-05,SKU007,Device A,Devices,0,100.44,0.0,0,0.0,0,
2024-06-05,SKU008,Device B,Devices,1,123.6,123.6,70,53.6,0,
2024-06-06,SKU001,Widget A,Widgets,6,16.72,100.34,60,40.34,1,4.08
2024-06-06,SKU002,Widget B,Widgets,9,25.34,228.02,108,120.02,1,4.19
2024-06-06,SKU003,Gadget A,Gadgets,5,52.46,262.29,150,112.29,0,3.48
2024-06-06,SKU004,Gadget B,Gadgets,2,60.4,120.8,70,50.8,0,
2024-06-06,SKU005,Accessory A,Accessories,6,15.29,91.75,42,49.75,0,
2024-06-06,SKU006,Accessory B,Accessories,3,16.36,49.07,27,22.07,0,
2024-06-06,SKU007,Device A,Devices,5,102.76,513.81,300,213.81,1,
2024-06-06,SKU008,Device B,Devices,1,121.27,121.27,70,51.27,0,
2024-06-07,SKU001,Widget A,Widgets,6,19.77,118.64,60,58.64,1,2.86
2024-06-07,SKU002,Widget B,Widgets,6,24.05,144.32,72,72.32,0,4.77
2024-06-07,SKU003,Gadget A,Gadgets,3,49.73,149.2,90,59.2,0,
2024-06-07,SKU004,Gadget B,Gadgets,8,61.98,495.81,280,215.81,0,3.67
2024-06-07,SKU005,Accessory A,Accessories,1,15.46,15.46,7,8.46,0,
2024-06-07,SKU006,Accessory B,Accessories,5,13.69,68.45,45,23.45,0,4.07
2024-06-07,SKU007,Device A,Devices,2,102.21,204.41,120,84.41,0,
2024-06-07,SKU008,Device B,Devices,2,116.71,233.42,140,93.42,1,
2024-06-08,SKU001,Widget A,Widgets,7,19.54,136.76,70,66.76,0,3.93
2024-06-08,SKU002,Widget B,Widgets,10,20.41,204.08,120,84.08,1,3.94
2024-06-08,SKU003,Gadget A,Gadgets,2,48.31,96.63,60,36.63,0,
2024-06-08,SKU004,Gadget B,Gadgets,4,57.89,231.54,140,91.54,0,3.75
2024-06-08,SKU005,Accessory A,Accessories,5,15.59,77.97,35,42.97,0,4.02
2024-06-08,SKU006,Accessory B,Accessories,4,18.05,72.2,36,36.2,1,3.38
2024-06-08,SKU007,Device A,Devices,1,101.09,101.09,60,41.09,0,
2024-06-08,SKU008,Device B,Devices,4,114.26,457.05,280,177.05,0,
2024-06-09,SKU001,Widget A,Widgets,10,17.2,171.98,100,71.98,0,3.97
2024-06-09,SKU002,Widget B,Widgets,4,25.42,101.7,48,53.7,1,4.83
2024-06-09,SKU003,Gadget A,Gadgets,6,52.03,312.19,180,132.19,1,4.18
2024-06-09,SKU004,Gadget B,Gadgets,8,59.36,474.88,280,194.88,0,3.89
2024-06-09,SKU005,Accessory A,Accessories,8,15.64,125.13,56,69.13,0,4.05
2024-06-09,SKU006,Accessory B,Accessories,3,18.11,54.32,27,27.32,0,3.62
2024-06-09,SKU007,Device A,Devices,2,103.38,206.77,120,86.77,0,
2024-06-09,SKU008,Device B,Devices,1,118.7,118.7,70,48.7,0,
2024-06-10,SKU001,Widget A,Widgets,6,15.37,92.25,60,32.25,0,4.55
2024-06-10,SKU002,Widget B,Widgets,5,24.97,124.86,60,64.86,0,4.49
2024-06-10,SKU003,Gadget A,Gadgets,5,50.34,251.7,150,101.7,0,
2024-06-10,SKU004,Gadget B,Gadgets,6,60.04,360.22,210,150.22,0,4.61
2024-06-10,SKU005,Accessory A,Accessories,3,14.67,44.01,21,23.01,0,
2024-06-10,SKU006,Accessory B,Accessories,6,15.97,95.84,54,41.84,0,4.34
2024-06-10,SKU007,Device A,Devices,2,99.17,198.35,120,78.35,1,4.26
2024-06-10,SKU008,Device B,Devices,3,116.91,350.74,210,140.74,0,4.25
2024-06-11,SKU001,Widget A,Widgets,6,19.96,119.76,60,59.76,0,3.31
2024-06-11,SKU002,Widget B,Widgets,3,26.22,78.65,36,42.65,0,3.77
2024-06-11,SKU003,Gadget A,Gadgets,2,50.56,101.12,60,41.12,0,4.3
2024-06-11,SKU004,Gadget B,Gadgets,0,59.41,0.0,0,0.0,0,
2024-06-11,SKU005,Accessory A,Accessories,7,15.36,107.55,49,58.55,0,
2024-06-11,SKU006,Accessory B,Accessories,2,17.6,35.2,18,17.2,0,
2024-06-11,SKU007,Device A,Devices,2,101.11,202.22,120,82.22,1,3.57
2024-06-11,SKU008,Device B,Devices,2,117.41,234.83,140,94.83,0,
2024-06-12,SKU001,Widget A,Widgets,5,17.52,87.61,50,37.61,0,3.44
2024-06-12,SKU002,Widget B,Widgets,4,24.82,99.29,48,51.29,0,
2024-06-12,SKU003,Gadget A,Gadgets,3,39.37,118.1,90,28.1,0,3.72
2024-06-12,SKU004,Gadget B,Gadgets,6,61.75,370.52,210,160.52,0,
2024-06-12,SKU005,Accessory A,Accessories,6,14.69,88.12,42,46.12,0,3.52
2024-06-12,SKU006,Accessory B,Accessories,7,18.67,130.69,63,67.69,0,4.33
2024-06-12,SKU007,Device A,Devices,2,95.19,190.37,120,70.37,0,3.67
2024-06-12,SKU008,Device B,Devices,2,108.66,217.31,140,77.31,0,
2024-06-13,SKU001,Widget A,Widgets,4,20.14,80.58,40,40.58,0,4.81
2024-06-13,SKU002,Widget B,Widgets,6,24.67,148.02,72,76.02,0,4.28
2024-06-13,SKU003,Gadget A,Gadgets,1,49.29,49.29,30,19.29,0,
2024-06-13,SKU004,Gadget B,Gadgets,1,57.39,57.39,35,22.39,0,
2024-06-13,SKU005,Accessory A,Accessories,4,15.34,61.34,28,33.34,0,4.27
2024-06-13,SKU006,Accessory B,Accessories,9,18.78,168.98,81,87.98,0,4.18
2024-06-13,SKU007,Device A,Devices,5,91.9,459.49,300,159.49,0,4.4
2024-06-13,SKU008,Device B,Devices,4,109.88,439.52,280,159.52,1,3.77
2024-06-14,SKU001,Widget A,Widgets,8,19.41,155.24,80,75.24,1,4.33
2024-06-14,SKU002,Widget B,Widgets,8,26.18,209.42,96,113.42,0,5.0
2024-06-14,SKU003,Gadget A,Gadgets,2,50.4,100.8,60,40.8,0,
2024-06-14,SKU004,Gadget B,Gadgets,2,57.96,115.91,70,45.91,0,
2024-06-14,SKU005,Accessory A,Accessories,5,12.32,61.58,35,26.58,0,5.0
2024-06-14,SKU006,Accessory B,Accessories,7,15.94,111.6,63,48.6,0,4.18
2024-06-14,SKU007,Device A,Devices,4,98.19,392.76,240,152.76,0,3.68
2024-06-14,SKU008,Device B,Devices,7,122.32,856.26,490,366.26,0,3.89
2024-06-15,SKU001,Widget A,Widgets,5,20.15,100.75,50,50.75,1,3.99
2024-06-15,SKU002,Widget B,Widgets,5,25.47,127.36,60,67.36,0,
2024-06-15,SKU003,Gadget A,Gadgets,5,51.37,256.85,150,106.85,0,4.92
2024-06-15,SKU004,Gadget B,Gadgets,2,57.89,115.77,70,45.77,0,4.58
2024-06-15,SKU005,Accessory A,Accessories,2,14.35,28.7,14,14.7,0,
2024-06-15,SKU006,Accessory B,Accessories,2,17.65,35.3,18,17.3,0,3.54
2024-06-15,SKU007,Device A,Devices,2,96.55,193.11,120,73.11,0,3.28
2024-06-15,SKU008,Device B,Devices,1,125.43,125.43,70,55.43,0,3.87
2024-06-16,SKU001,Widget A,Widgets,6,18.29,109.72,60,49.72,0,3.62
2024-06-16,SKU002,Widget B,Widgets,9,23.17,208.51,108,100.51,0,3.94
2024-06-16,SKU003,Gadget A,Gadgets,1,50.0,50.0,30,20.0,0,2.83
2024-06-16,SKU004,Gadget B,Gadgets,3,55.45,166.34,105,61.34,0,4.17
2024-06-16,SKU005,Accessory A,Accessories,3,14.48,43.45,21,22.45,0,
2024-06-16,SKU006,Accessory B,Accessories,3,15.91,47.73,27,20.73,0,4.43
2024-06-16,SKU007,Device A,Devices,0,104.61,0.0,0,0.0,0,
2024-06-16,SKU008,Device B,Devices,3,122.79,368.36,210,158.36,0,3.09
2024-06-17,SKU001,Widget A,Widgets,3,16.14,48.43,30,18.43,0,4.05
2024-06-17,SKU002,Widget B,Widgets,5,24.08,120.41,60,60.41,0,3.3
2024-06-17,SKU003,Gadget A,Gadgets,2,50.3,100.59,60,40.59,0,
2024-06-17,SKU004,Gadget B,Gadgets,3,57.77,173.31,105,68.31,0,
2024-06-17,SKU005,Accessory A,Accessories,3,15.52,46.55,21,25.55,0,5.0
2024-06-17,SKU006,Accessory B,Accessories,8,18.49,147.95,72,75.95,0,4.58
2024-06-17,SKU007,Device A,Devices,2,101.81,203.62,120,83.62,0,3.54
2024-06-17,SKU008,Device B,Devices,1,120.55,120.55,70,50.55,0,3.95
2024-06-18,SKU001,Widget A,Widgets,3,19.92,59.76,30,29.76,1,
2024-06-18,SKU002,Widget B,Widgets,3,24.58,73.73,36,37.73,0,3.81
2024-06-18,SKU003,Gadget A,Gadgets,7,42.98,300.83,210,90.83,1,4.33
2024-06-18,SKU004,Gadget B,Gadgets,4,57.9,231.6,140,91.6,0,
2024-06-18,SKU005,Accessory A,Accessories,4,14.73,58.92,28,30.92,0,4.21
2024-06-18,SKU006,Accessory B,Accessories,4,18.53,74.11,36,38.11,0,
2024-06-18,SKU007,Device A,Devices,2,101.43,202.85,120,82.85,0,4.49
2024-06-18,SKU008,Device B,Devices,2,119.93,239.87,140,99.87,1,
2024-06-19,SKU001,Widget A,Widgets,6,20.95,125.71,60,65.71,0,4.57
2024-06-19,SKU002,Widget B,Widgets,10,24.59,245.9,120,125.9,0,4.16
2024-06-19,SKU003,Gadget A,Gadgets,8,50.59,404.72,240,164.72,0,4.26
2024-06-19,SKU004,Gadget B,Gadgets,3,59.16,177.48,105,72.48,0,
2024-06-19,SKU005,Accessory A,Accessories,8,15.05,120.43,56,64.43,0,4.22
2024-06-19,SKU006,Accessory B,Accessories,7,18.89,132.24,63,69.24,0,3.59
2024-06-19,SKU007,Device A,Devices,1,95.18,95.18,60,35.18,0,
2024-06-19,SKU008,Device B,Devices,3,124.12,372.37,210,162.37,0,4.27
2024-06-20,SKU001,Widget A,Widgets,6,20.77,124.64,60,64.64,1,4.42
2024-06-20,SKU002,Widget B,Widgets,6,22.77,136.62,72,64.62,1,3.48
2024-06-20,SKU003,Gadget A,Gadgets,1,52.27,52.27,30,22.27,0,
2024-06-20,SKU004,Gadget B,Gadgets,10,51.52,515.17,350,165.17,0,3.76
2024-06-20,SKU005,Accessory A,Accessories,3,15.3,45.9,21,24.9,0,3.65
2024-06-20,SKU006,Accessory B,Accessories,4,18.26,73.04,36,37.04,0,
2024-06-20,SKU007,Device A,Devices,3,99.39,298.17,180,118.17,0,
2024-06-20,SKU008,Device B,Devices,5,107.95,539.73,350,189.73,2,3.83
2024-06-21,SKU001,Widget A,Widgets,3,19.82,59.47,30,29.47,1,4.42
2024-06-21,SKU002,Widget B,Widgets,4,26.11,104.42,48,56.42,0,4.37
2024-06-21,SKU003,Gadget A,Gadgets,4,44.68,178.73,120,58.73,1,3.84
2024-06-21,SKU004,Gadget B,Gadgets,1,58.27,58.27,35,23.27,0,
2024-06-21,SKU005,Accessory A,Accessories,6,13.94,83.61,42,41.61,0,3.69
2024-06-21,SKU006,Accessory B,Accessories,0,16.24,0.0,0,0.0,0,
2024-06-21,SKU007,Device A,Devices,1,98.87,98.87,60,38.87,0,
2024-06-21,SKU008,Device B,Devices,2,115.62,231.25,140,91.25,0,3.59
2024-06-22,SKU001,Widget A,Widgets,1,19.84,19.84,10,9.84,0,
2024-06-22,SKU002,Widget B,Widgets,7,22.62,158.36,84,74.36,0,4.12
2024-06-22,SKU003,Gadget A,Gadgets,1,49.54,49.54,30,19.54,0,
2024-06-22,SKU004,Gadget B,Gadgets,5,62.5,312.48,175,137.48,1,4.24
2024-06-22,SKU005,Accessory A,Accessories,1,14.43,14.43,7,7.43,0,
2024-06-22,SKU006,Accessory B,Accessories,3,16.21,48.63,27,21.63,0,
2024-06-22,SKU007,Device A,Devices,4,95.37,381.47,240,141.47,0,4.19
2024-06-22,SKU008,Device B,Devices,1,125.09,125.09,70,55.09,0,
2024-06-23,SKU001,Widget A,Widgets,3,19.77,59.3,30,29.3,0,
2024-06-23,SKU002,Widget B,Widgets,5,24.37,121.84,60,61.84,0,3.65
2024-06-23,SKU003,Gadget A,Gadgets,3,46.72,140.17,90,50.17,1,3.86
2024-06-23,SKU004,Gadget B,Gadgets,4,58.61,234.46,140,94.46,0,
2024-06-23,SKU005,Accessory A,Accessories,5,14.35,71.77,35,36.77,0,3.55
2024-06-23,SKU006,Accessory B,Accessories,3,15.83,47.49,27,20.49,0,4.21
2024-06-23,SKU007,Device A,Devices,2,95.22,190.44,120,70.44,0,
2024-06-23,SKU008,Device B,Devices,4,121.71,486.85,280,206.85,0,3.8
2024-06-24,SKU001,Widget A,Widgets,6,19.99,119.94,60,59.94,0,3.65
2024-06-24,SKU002,Widget B,Widgets,6,25.32,151.94,72,79.94,1,4.3
2024-06-24,SKU003,Gadget A,Gadgets,3,48.13,144.38,90,54.38,1,3.84
2024-06-24,SKU004,Gadget B,Gadgets,4,59.38,237.52,140,97.52,0,
2024-06-24,SKU005,Accessory A,Accessories,7,13.81,96.69,49,47.69,1,4.31
2024-06-24,SKU006,Accessory B,Accessories,6,16.35,98.13,54,44.13,0,4.77
2024-06-24,SKU007,Device A,Devices,0,83.84,0.0,0,0.0,0,
2024-06-24,SKU008,Device B,Devices,3,125.34,376.03,210,166.03,0,
2024-06-25,SKU001,Widget A,Widgets,12,20.3,243.6,120,123.6,0,4.26
2024-06-25,SKU002,Widget B,Widgets,2,23.02,46.04,24,22.04,0,
2024-06-25,SKU003,Gadget A,Gadgets,2,47.7,95.39,60,35.39,0,4.71
2024-06-25,SKU004,Gadget B,Gadgets,4,54.25,216.99,140,76.99,0,3.77
2024-06-25,SKU005,Accessory A,Accessories,7,14.69,102.81,49,53.81,0,
2024-06-25,SKU006,Accessory B,Accessories,5,18.76,93.82,45,48.82,0,2.14
2024-06-25,SKU007,Device A,Devices,1,104.38,104.38,60,44.38,0,
2024-06-25,SKU008,Device B,Devices,3,124.62,373.85,210,163.85,0,
2024-06-26,SKU001,Widget A,Widgets,5,19.88,99.4,50,49.4,0,3.78
2024-06-26,SKU002,Widget B,Widgets,8,26.19,209.51,96,113.51,0,4.09
2024-06-26,SKU003,Gadget A,Gadgets,3,52.36,157.08,90,67.08,0,3.34
2024-06-26,SKU004,Gadget B,Gadgets,5,59.15,295.73,175,120.73,0,4.26
2024-06-26,SKU005,Accessory A,Accessories,7,14.77,103.36,49,54.36,0,5.0
2024-06-26,SKU006,Accessory B,Accessories,4,17.86,71.42,36,35.42,0,
2024-06-26,SKU007,Device A,Devices,4,98.38,393.52,240,153.52,0,
2024-06-26,SKU008,Device B,Devices,0,124.7,0.0,0,0.0,0,
2024-06-27,SKU001,Widget A,Widgets,7,20.12,140.87,70,70.87,0,4.12
2024-06-27,SKU002,Widget B,Widgets,3,24.93,74.8,36,38.8,2,3.41
2024-06-27,SKU003,Gadget A,Gadgets,5,50.49,252.46,150,102.46,0,
2024-06-27,SKU004,Gadget B,Gadgets,2,58.73,117.47,70,47.47,0,
2024-06-27,SKU005,Accessory A,Accessories,3,15.28,45.84,21,24.84,0,4.01
2024-06-27,SKU006,Accessory B,Accessories,2,17.51,35.02,18,17.02,0,5.0
2024-06-27,SKU007,Device A,Devices,3,99.82,299.47,180,119.47,0,
2024-06-27,SKU008,Device B,Devices,6,118.57,711.41,420,291.41,0,
2024-06-28,SKU001,Widget A,Widgets,8,20.91,167.26,80,87.26,1,3.65
2024-06-28,SKU002,Widget B,Widgets,1,24.77,24.77,12,12.77,0,
2024-06-28,SKU003,Gadget A,Gadgets,5,52.39,261.95,150,111.95,0,
2024-06-28,SKU004,Gadget B,Gadgets,2,59.41,118.82,70,48.82,0,
2024-06-28,SKU005,Accessory A,Accessories,6,14.44,86.64,42,44.64,0,5.0
2024-06-28,SKU006,Accessory B,Accessories,7,16.54,115.77,63,52.77,2,3.85
2024-06-28,SKU007,Device A,Devices,3,102.15,306.44,180,126.44,0,
2024-06-28,SKU008,Device B,Devices,2,102.86,205.73,140,65.73,1,4.24
2024-06-29,SKU001,Widget A,Widgets,4,20.16,80.63,40,40.63,0,
2024-06-29,SKU002,Widget B,Widgets,4,25.77,103.08,48,55.08,1,4.69
2024-06-29,SKU003,Gadget A,Gadgets,2,49.96,99.91,60,39.91,0,3.55
2024-06-29,SKU004,Gadget B,Gadgets,7,58.57,409.97,245,164.97,1,3.95
2024-06-29,SKU005,Accessory A,Accessories,7,14.36,100.5,49,51.5,0,2.95
2024-06-29,SKU006,Accessory B,Accessories,3,18.78,56.34,27,29.34,0,4.75
2024-06-29,SKU007,Device A,Devices,1,96.73,96.73,60,36.73,0,
2024-06-29,SKU008,Device B,Devices,0,110.86,0.0,0,0.0,0,
2024-06-30,SKU001,Widget A,Widgets,8,19.2,153.57,80,73.57,0,3.39
2024-06-30,SKU002,Widget B,Widgets,6,22.14,132.82,72,60.82,1,3.81
2024-06-30,SKU003,Gadget A,Gadgets,2,39.05,78.1,60,18.1,0,4.01
2024-06-30,SKU004,Gadget B,Gadgets,1,62.87,62.87,35,27.87,0,
2024-06-30,SKU005,Accessory A,Accessories,3,15.68,47.04,21,26.04,0,4.71
2024-06-30,SKU006,Accessory B,Accessories,3,17.59,52.78,27,25.78,0,4.43
2024-06-30,SKU007,Device A,Devices,0,99.42,0.0,0,0.0,0,
2024-06-30,SKU008,Device B,Devices,3,107.2,321.6,210,111.6,0,
